ColleraID,PK,Collera,Ubicacion,D1,D2,D3,D4,D5,D6,D7,D8,D9,D10,D11,D12,D13,D14,D15,D16,D17,D18,D19,D20,D21,D22,D23
33-1,33,1,Recta,Bueno,Malo,Malo,Malo,Bueno,Malo,Malo,Bueno,Bueno,Bueno,Bueno,Bueno,Bueno,Bueno,Bueno,Bueno,Bueno,Bueno,Bueno,Bueno,Bueno,Bueno,Bueno
33-2,33,2,Recta,,,,,,,,,,,,,,,,,,,,,,,
33-3,33,3,Recta,,,,,,,,,,,,,,,,,,,,,,,
33-4,33,4,Recta,,,,,,,,,,,,,,,,,,,,,,,
33-6,33,6,Recta,,,,,,,,,,,,,,,,,,,,,,,
33-7,33,7,Recta,,,,,,,,,,,,,,,,,,,,,,,
33-8,33,8,Recta,,,,,,,,,,,,,,,,,,,,,,,
33-9,33,9,Recta,,,,,,,,,,,,,,,,,,,,,,,
33-10,33,10,Recta,,,,,,,,,,,,,,,,,,,,,,,
33-11,33,11,Recta,,,,,,,,,,,,,,,,,,,,,,,
33-12,33,12,Recta,,,,,,,,,,,,,,,,,,,,,,,
33-13,33,13,Recta,,,,,,,,,,,,,,,,,,,,,,,
33-15,33,15,Recta,,,,,,,,,,,,,,,,,,,,,,,
33-16,33,16,Recta,,,,,,,,,,,,,,,,,,,,,,,
33-17,33,17,Recta,,,,,,,,,,,,,,,,,,,,,,,
33-18,33,18,Recta,,,,,,,,,,,,,,,,,,,,,,,
33-19,33,19,Recta,,,,,,,,,,,,,,,,,,,,,,,
33-20,33,20,Recta,,,,,,,,,,,,,,,,,,,,,,,
33-21,33,21,Curva,,,,,,,,,,,,,,,,,,,,,,,
33-23,33,23,Recta,,,,,,,,,,,,,,,,,,,,,,,
33-24,33,24,Recta,,,,,,,,,,,,,,,,,,,,,,,
33-25,33,25,Recta,,,,,,,,,,,,,,,,,,,,,,,
33-26,33,26,Recta,,,,,,,,,,,,,,,,,,,,,,,
33-27,33,27,Recta,,,,,,,,,,,,,,,,,,,,,,,
33-29,33,29,Recta,,,,,,,,,,,,,,,,,,,,,,,
33-30,33,30,Recta,,,,,,,,,,,,,,,,,,,,,,,
33-33,33,33,Recta,,,,,,,,,,,,,,,,,,,,,,,
33-35,33,35,Recta,,,,,,,,,,,,,,,,,,,,,,,
33-36,33,36,Recta,,,,,,,,,,,,,,,,,,,,,,,
33-37,33,37,Recta,,,,,,,,,,,,,,,,,,,,,,,
33-38,33,38,Recta,,,,,,,,,,,,,,,,,,,,,,,
33-41,33,41,Recta,,,,,,,,,,,,,,,,,,,,,,,
33-42,33,42,Recta,,,,,,,,,,,,,,,,,,,,,,,
33-43,33,43,Recta,,,,,,,,,,,,,,,,,,,,,,,
33-44,33,44,Recta,,,,,,,,,,,,,,,,,,,,,,,
33-45,33,45,Recta,,,,,,,,,,,,,,,,,,,,,,,
33-46,33,46,Recta,,,,,,,,,,,,,,,,,,,,,,,
33-47,33,47,Recta,,,,,,,,,,,,,,,,,,,,,,,
33-48,33,48,Recta,,,,,,,,,,,,,,,,,,,,,,,
33-49,33,49,Recta,,,,,,,,,,,,,,,,,,,,,,,
33-50,33,50,Recta,,,,,,,,,,,,,,,,,,,,,,,
33-51,33,51,Recta,,,,,,,,,,,,,,,,,,,,,,,
33-52,33,52,Recta,,,,,,,,,,,,,,,,,,,,,,,
33-53,33,53,Recta,,,,,,,,,,,,,,,,,,,,,,,
33-55,33,55,Recta,,,,,,,,,,,,,,,,,,,,,,,
33-56,33,56,Recta,,,,,,,,,,,,,,,,,,,,,,,
33-57,33,57,Recta,,,,,,,,,,,,,,,,,,,,,,,
33-58,33,58,Recta,,,,,,,,,,,,,,,,,,,,,,,
33-59,33,59,Recta,,,,,,,,,,,,,,,,,,,,,,,
33-60,33,60,Recta,,,,,,,,,,,,,,,,,,,,,,,
33-61,33,61,Recta,,,,,,,,,,,,,,,,,,,,,,,
33-62,33,62,Recta,,,,,,,,,,,,,,,,,,,,,,,
33-63,33,63,Recta,,,,,,,,,,,,,,,,,,,,,,,
33-64,33,64,Recta,,,,,,,,,,,,,,,,,,,,,,,
33-65,33,65,Recta,,,,,,,,,,,,,,,,,,,,,,,
33-66,33,66,Recta,,,,,,,,,,,,,,,,,,,,,,,
33-67,33,67,Recta,,,,,,,,,,,,,,,,,,,,,,,
33-68,33,68,Recta,,,,,,,,,,,,,,,,,,,,,,,
33-69,33,69,Recta,,,,,,,,,,,,,,,,,,,,,,,
33-70,33,70,Recta,,,,,,,,,,,,,,,,,,,,,,,
33-71,33,71,Recta,,,,,,,,,,,,,,,,,,,,,,,
33-72,33,72,Recta,,,,,,,,,,,,,,,,,,,,,,,
33-73,33,73,Recta,,,,,,,,,,,,,,,,,,,,,,,
33-74,33,74,Recta,,,,,,,,,,,,,,,,,,,,,,,
33-75,33,75,Recta,,,,,,,,,,,,,,,,,,,,,,,
33-76,33,76,Recta,,,,,,,,,,,,,,,,,,,,,,,
33-79,33,79,Recta,,,,,,,,,,,,,,,,,,,,,,,
33-80,33,80,Principio Curva < 1000,,,,,,,,,,,,,,,,,,,,,,,
33-81,33,81,Curva < 1000,,,,,,,,,,,,,,,,,,,,,,,
33-82,33,82,Curva < 1000,,,,,,,,,,,,,,,,,,,,,,,
33-83,33,83,Curva < 1000,,,,,,,,,,,,,,,,,,,,,,,
33-84,33,84,Curva < 1000,,,,,,,,,,,,,,,,,,,,,,,
33-85,33,85,Curva < 1000,,,,,,,,,,,,,,,,,,,,,,,
33-86,33,86,Principio Curva Circular < 1000,,,,,,,,,,,,,,,,,,,,,,,
33-87,33,87,Curva < 1000,,,,,,,,,,,,,,,,,,,,,,,
33-88,33,88,Curva < 1000,,,,,,,,,,,,,,,,,,,,,,,
33-89,33,89,Curva < 1000,,,,,,,,,,,,,,,,,,,,,,,
33-90,33,90,Curva < 1000,,,,,,,,,,,,,,,,,,,,,,,
33-91,33,91,Curva < 1000,,,,,,,,,,,,,,,,,,,,,,,
33-92,33,92,Curva < 1000,,,,,,,,,,,,,,,,,,,,,,,
33-93,33,93,Curva < 1000,,,,,,,,,,,,,,,,,,,,,,,
33-94,33,94,Curva < 1000,,,,,,,,,,,,,,,,,,,,,,,
33-95,33,95,Curva < 1000,,,,,,,,,,,,,,,,,,,,,,,
33-96,33,96,Curva < 1000,,,,,,,,,,,,,,,,,,,,,,,
33-97,33,97,Curva < 1000,,,,,,,,,,,,,,,,,,,,,,,
33-98,33,98,Curva < 1000,,,,,,,,,,,,,,,,,,,,,,,
33-99,33,99,Curva < 1000,,,,,,,,,,,,,,,,,,,,,,,
34-1,34,1,Recta,,,,,,,,,,,,,,,,,,,,,,,
34-2,34,2,Recta,,,,,,,,,,,,,,,,,,,,,,,
34-3,34,3,Recta,,,,,,,,,,,,,,,,,,,,,,,
34-4,34,4,Recta,,,,,,,,,,,,,,,,,,,,,,,
34-5,34,5,Recta,,,,,,,,,,,,,,,,,,,,,,,
34-6,34,6,Recta,,,,,,,,,,,,,,,,,,,,,,,
34-7,34,7,Recta,,,,,,,,,,,,,,,,,,,,,,,
34-8,34,8,Recta,,,,,,,,,,,,,,,,,,,,,,,
34-9,34,9,Recta,,,,,,,,,,,,,,,,,,,,,,,
34-12,34,12,Recta,,,,,,,,,,,,,,,,,,,,,,,
34-13,34,13,Recta,,,,,,,,,,,,,,,,,,,,,,,
34-14,34,14,Recta,,,,,,,,,,,,,,,,,,,,,,,
34-15,34,15,Recta,,,,,,,,,,,,,,,,,,,,,,,
34-16,34,16,Recta,,,,,,,,,,,,,,,,,,,,,,,
34-17,34,17,Recta,,,,,,,,,,,,,,,,,,,,,,,
34-18,34,18,Recta,,,,,,,,,,,,,,,,,,,,,,,
34-19,34,19,Recta,,,,,,,,,,,,,,,,,,,,,,,
34-20,34,20,Recta,,,,,,,,,,,,,,,,,,,,,,,
34-46,34,46,Recta,,,,,,,,,,,,,,,,,,,,,,,
34-47,34,47,Recta,,,,,,,,,,,,,,,,,,,,,,,
34-48,34,48,Recta,,,,,,,,,,,,,,,,,,,,,,,
34-49,34,49,Recta,,,,,,,,,,,,,,,,,,,,,,,
34-50,34,50,Recta,,,,,,,,,,,,,,,,,,,,,,,
34-51,34,51,Recta,,,,,,,,,,,,,,,,,,,,,,,
34-52,34,52,Recta,,,,,,,,,,,,,,,,,,,,,,,
34-53,34,53,Recta,,,,,,,,,,,,,,,,,,,,,,,
34-54,34,54,Recta,,,,,,,,,,,,,,,,,,,,,,,
34-55,34,55,Recta,,,,,,,,,,,,,,,,,,,,,,,
34-56,34,56,Recta,,,,,,,,,,,,,,,,,,,,,,,
34-57,34,57,Recta,,,,,,,,,,,,,,,,,,,,,,,
34-58,34,58,Recta,,,,,,,,,,,,,,,,,,,,,,,
34-59,34,59,Recta,,,,,,,,,,,,,,,,,,,,,,,
34-60,34,60,Recta,,,,,,,,,,,,,,,,,,,,,,,
34-61,34,61,Recta,,,,,,,,,,,,,,,,,,,,,,,
34-62,34,62,Recta,,,,,,,,,,,,,,,,,,,,,,,
34-63,34,63,Recta,,,,,,,,,,,,,,,,,,,,,,,
34-64,34,64,Recta,,,,,,,,,,,,,,,,,,,,,,,
34-65,34,65,Recta,,,,,,,,,,,,,,,,,,,,,,,
34-66,34,66,Principio Curva < 1000,,,,,,,,,,,,,,,,,,,,,,,
34-67,34,67,Curva < 1000,,,,,,,,,,,,,,,,,,,,,,,
34-68,34,68,Curva < 1000,,,,,,,,,,,,,,,,,,,,,,,
34-69,34,69,Curva < 1000,,,,,,,,,,,,,,,,,,,,,,,
34-70,34,70,Curva < 1000,,,,,,,,,,,,,,,,,,,,,,,
34-71,34,71,Principio Curva Circular < 1000,,,,,,,,,,,,,,,,,,,,,,,
34-72,34,72,Curva < 1000,,,,,,,,,,,,,,,,,,,,,,,
34-73,34,73,Curva < 1000,,,,,,,,,,,,,,,,,,,,,,,
34-74,34,74,Curva < 1000,,,,,,,,,,,,,,,,,,,,,,,
34-75,34,75,Curva < 1000,,,,,,,,,,,,,,,,,,,,,,,
34-76,34,76,Curva < 1000,,,,,,,,,,,,,,,,,,,,,,,
34-77,34,77,Curva < 1000,,,,,,,,,,,,,,,,,,,,,,,
34-78,34,78,Curva < 1000,,,,,,,,,,,,,,,,,,,,,,,
34-79,34,79,Curva < 1000,,,,,,,,,,,,,,,,,,,,,,,
34-80,34,80,Curva < 1000,,,,,,,,,,,,,,,,,,,,,,,
34-81,34,81,Curva < 1000,,,,,,,,,,,,,,,,,,,,,,,
34-82,34,82,Curva < 1000,,,,,,,,,,,,,,,,,,,,,,,
34-83,34,83,Curva < 1000,,,,,,,,,,,,,,,,,,,,,,,
34-84,34,84,Curva < 1000,,,,,,,,,,,,,,,,,,,,,,,
35-1,35,1,Curva < 1000,,,,,,,,,,,,,,,,,,,,,,,
35-2,35,2,Curva < 1000,,,,,,,,,,,,,,,,,,,,,,,
35-3,35,3,Curva < 1000,,,,,,,,,,,,,,,,,,,,,,,
35-4,35,4,Curva < 1000,,,,,,,,,,,,,,,,,,,,,,,
35-5,35,5,Curva < 1000,,,,,,,,,,,,,,,,,,,,,,,
35-6,35,6,Curva < 1000,,,,,,,,,,,,,,,,,,,,,,,
35-7,35,7,Curva < 1000,,,,,,,,,,,,,,,,,,,,,,,
35-8,35,8,Curva < 1000,,,,,,,,,,,,,,,,,,,,,,,
35-9,35,9,Curva < 1000,,,,,,,,,,,,,,,,,,,,,,,
35-10,35,10,Curva < 1000,,,,,,,,,,,,,,,,,,,,,,,
35-11,35,11,Curva < 1000,,,,,,,,,,,,,,,,,,,,,,,
35-12,35,12,Curva < 1000,,,,,,,,,,,,,,,,,,,,,,,
35-13,35,13,Curva < 1000,,,,,,,,,,,,,,,,,,,,,,,
35-14,35,14,Curva < 1000,,,,,,,,,,,,,,,,,,,,,,,
35-15,35,15,Curva < 1000,,,,,,,,,,,,,,,,,,,,,,,
35-16,35,16,Curva < 1000,,,,,,,,,,,,,,,,,,,,,,,
35-17,35,17,Curva < 1000,,,,,,,,,,,,,,,,,,,,,,,
35-18,35,18,Curva < 1000,,,,,,,,,,,,,,,,,,,,,,,
35-19,35,19,Curva < 1000,,,,,,,,,,,,,,,,,,,,,,,
35-20,35,20,Curva < 1000,,,,,,,,,,,,,,,,,,,,,,,
35-21,35,21,Curva < 1000,,,,,,,,,,,,,,,,,,,,,,,
35-22,35,22,Curva < 1000,,,,,,,,,,,,,,,,,,,,,,,
35-23,35,23,Curva < 1000,,,,,,,,,,,,,,,,,,,,,,,
35-24,35,24,Curva < 1000,,,,,,,,,,,,,,,,,,,,,,,
35-25,35,25,Curva < 1000,,,,,,,,,,,,,,,,,,,,,,,
35-26,35,26,Curva < 1000,,,,,,,,,,,,,,,,,,,,,,,
35-27,35,27,Curva < 1000,,,,,,,,,,,,,,,,,,,,,,,
35-28,35,28,Curva < 1000,,,,,,,,,,,,,,,,,,,,,,,
35-29,35,29,Curva < 1000,,,,,,,,,,,,,,,,,,,,,,,
35-30,35,30,Curva < 1000,,,,,,,,,,,,,,,,,,,,,,,
35-31,35,31,Curva < 1000,,,,,,,,,,,,,,,,,,,,,,,
35-32,35,32,Curva < 1000,,,,,,,,,,,,,,,,,,,,,,,
35-33,35,33,Curva < 1000,,,,,,,,,,,,,,,,,,,,,,,
35-34,35,34,Curva < 1000,,,,,,,,,,,,,,,,,,,,,,,
35-35,35,35,Curva < 1000,,,,,,,,,,,,,,,,,,,,,,,
35-36,35,36,Curva < 1000,,,,,,,,,,,,,,,,,,,,,,,
35-37,35,37,Fin Curva Circular < 1000,,,,,,,,,,,,,,,,,,,,,,,
35-38,35,38,Curva < 1000,,,,,,,,,,,,,,,,,,,,,,,
35-39,35,39,Curva < 1000,,,,,,,,,,,,,,,,,,,,,,,
35-40,35,40,Curva < 1000,,,,,,,,,,,,,,,,,,,,,,,
35-41,35,41,Curva < 1000,,,,,,,,,,,,,,,,,,,,,,,
35-42,35,42,Curva < 1000,,,,,,,,,,,,,,,,,,,,,,,
35-43,35,43,Curva < 1000,,,,,,,,,,,,,,,,,,,,,,,
35-44,35,44,Fin Curva < 1000,,,,,,,,,,,,,,,,,,,,,,,
35-45,35,45,Recta,,,,,,,,,,,,,,,,,,,,,,,
35-46,35,46,Recta,,,,,,,,,,,,,,,,,,,,,,,
35-47,35,47,Recta,,,,,,,,,,,,,,,,,,,,,,,
35-48,35,48,Recta,,,,,,,,,,,,,,,,,,,,,,,
35-49,35,49,Recta,,,,,,,,,,,,,,,,,,,,,,,
35-50,35,50,Recta,,,,,,,,,,,,,,,,,,,,,,,
35-51,35,51,Recta,,,,,,,,,,,,,,,,,,,,,,,
35-52,35,52,Recta,,,,,,,,,,,,,,,,,,,,,,,
35-53,35,53,Recta,,,,,,,,,,,,,,,,,,,,,,,
35-54,35,54,Recta,,,,,,,,,,,,,,,,,,,,,,,
35-55,35,55,Recta,,,,,,,,,,,,,,,,,,,,,,,
35-56,35,56,Recta,,,,,,,,,,,,,,,,,,,,,,,
35-57,35,57,Recta,,,,,,,,,,,,,,,,,,,,,,,
35-58,35,58,Recta,,,,,,,,,,,,,,,,,,,,,,,
35-59,35,59,Recta,,,,,,,,,,,,,,,,,,,,,,,
35-60,35,60,Recta,,,,,,,,,,,,,,,,,,,,,,,
35-61,35,61,Recta,,,,,,,,,,,,,,,,,,,,,,,
35-62,35,62,Recta,,,,,,,,,,,,,,,,,,,,,,,
35-63,35,63,Recta,,,,,,,,,,,,,,,,,,,,,,,
35-64,35,64,Recta,,,,,,,,,,,,,,,,,,,,,,,
35-65,35,65,Recta,,,,,,,,,,,,,,,,,,,,,,,
35-66,35,66,Recta,,,,,,,,,,,,,,,,,,,,,,,
35-67,35,67,Recta,,,,,,,,,,,,,,,,,,,,,,,
35-68,35,68,Recta,,,,,,,,,,,,,,,,,,,,,,,
35-69,35,69,Recta,,,,,,,,,,,,,,,,,,,,,,,
35-70,35,70,Recta,,,,,,,,,,,,,,,,,,,,,,,
35-71,35,71,Recta,,,,,,,,,,,,,,,,,,,,,,,
35-72,35,72,Recta,,,,,,,,,,,,,,,,,,,,,,,
35-73,35,73,Recta,,,,,,,,,,,,,,,,,,,,,,,
35-74,35,74,Recta,,,,,,,,,,,,,,,,,,,,,,,
35-75,35,75,Recta,,,,,,,,,,,,,,,,,,,,,,,
35-76,35,76,Recta,,,,,,,,,,,,,,,,,,,,,,,
35-77,35,77,Recta,,,,,,,,,,,,,,,,,,,,,,,
35-78,35,78,Recta,,,,,,,,,,,,,,,,,,,,,,,
35-79,35,79,Recta,,,,,,,,,,,,,,,,,,,,,,,
35-80,35,80,Recta,,,,,,,,,,,,,,,,,,,,,,,
35-81,35,81,Recta,,,,,,,,,,,,,,,,,,,,,,,
35-82,35,82,Recta,,,,,,,,,,,,,,,,,,,,,,,
35-83,35,83,Recta,,,,,,,,,,,,,,,,,,,,,,,
35-84,35,84,Recta,,,,,,,,,,,,,,,,,,,,,,,
35-85,35,85,Recta,,,,,,,,,,,,,,,,,,,,,,,
35-86,35,86,Recta,,,,,,,,,,,,,,,,,,,,,,,
36-1,36,1,Recta,,,,,,,,,,,,,,,,,,,,,,,
36-2,36,2,Recta,,,,,,,,,,,,,,,,,,,,,,,
36-3,36,3,Recta,,,,,,,,,,,,,,,,,,,,,,,
36-4,36,4,Recta,,,,,,,,,,,,,,,,,,,,,,,
36-5,36,5,Recta,,,,,,,,,,,,,,,,,,,,,,,
36-6,36,6,Recta,,,,,,,,,,,,,,,,,,,,,,,
36-7,36,7,Recta,,,,,,,,,,,,,,,,,,,,,,,
36-8,36,8,Recta,,,,,,,,,,,,,,,,,,,,,,,
36-9,36,9,Recta,,,,,,,,,,,,,,,,,,,,,,,
36-10,36,10,Recta,,,,,,,,,,,,,,,,,,,,,,,
36-11,36,11,Recta,,,,,,,,,,,,,,,,,,,,,,,
36-12,36,12,Recta,,,,,,,,,,,,,,,,,,,,,,,
36-13,36,13,Recta,,,,,,,,,,,,,,,,,,,,,,,
36-14,36,14,Recta,,,,,,,,,,,,,,,,,,,,,,,
36-15,36,15,Recta,,,,,,,,,,,,,,,,,,,,,,,
36-16,36,16,Recta,,,,,,,,,,,,,,,,,,,,,,,
36-17,36,17,Recta,,,,,,,,,,,,,,,,,,,,,,,
36-18,36,18,Recta,,,,,,,,,,,,,,,,,,,,,,,
36-19,36,19,Recta,,,,,,,,,,,,,,,,,,,,,,,
36-20,36,20,Recta,,,,,,,,,,,,,,,,,,,,,,,
36-21,36,21,Recta,,,,,,,,,,,,,,,,,,,,,,,
36-22,36,22,Recta,,,,,,,,,,,,,,,,,,,,,,,
36-23,36,23,Recta,,,,,,,,,,,,,,,,,,,,,,,
36-24,36,24,Recta,,,,,,,,,,,,,,,,,,,,,,,
36-25,36,25,Recta,,,,,,,,,,,,,,,,,,,,,,,
36-26,36,26,Recta,,,,,,,,,,,,,,,,,,,,,,,
36-27,36,27,Recta,,,,,,,,,,,,,,,,,,,,,,,
36-28,36,28,Recta,,,,,,,,,,,,,,,,,,,,,,,
36-29,36,29,Recta,,,,,,,,,,,,,,,,,,,,,,,
36-30,36,30,Recta,,,,,,,,,,,,,,,,,,,,,,,
36-31,36,31,Recta,,,,,,,,,,,,,,,,,,,,,,,
36-32,36,32,Recta,,,,,,,,,,,,,,,,,,,,,,,
36-33,36,33,Recta,,,,,,,,,,,,,,,,,,,,,,,
36-34,36,34,Recta,,,,,,,,,,,,,,,,,,,,,,,
36-35,36,35,Recta,,,,,,,,,,,,,,,,,,,,,,,
36-36,36,36,Recta,,,,,,,,,,,,,,,,,,,,,,,
36-37,36,37,Recta,,,,,,,,,,,,,,,,,,,,,,,
36-38,36,38,Recta,,,,,,,,,,,,,,,,,,,,,,,
36-39,36,39,Recta,,,,,,,,,,,,,,,,,,,,,,,
36-40,36,40,Recta,,,,,,,,,,,,,,,,,,,,,,,
36-41,36,41,Recta,,,,,,,,,,,,,,,,,,,,,,,
36-42,36,42,Recta,,,,,,,,,,,,,,,,,,,,,,,
36-43,36,43,Recta,,,,,,,,,,,,,,,,,,,,,,,
36-44,36,44,Recta,,,,,,,,,,,,,,,,,,,,,,,
36-45,36,45,Recta,,,,,,,,,,,,,,,,,,,,,,,
36-46,36,46,Recta,,,,,,,,,,,,,,,,,,,,,,,
36-47,36,47,Recta,,,,,,,,,,,,,,,,,,,,,,,
36-48,36,48,Recta,,,,,,,,,,,,,,,,,,,,,,,
36-49,36,49,Recta,,,,,,,,,,,,,,,,,,,,,,,
36-50,36,50,Recta,,,,,,,,,,,,,,,,,,,,,,,
36-51,36,51,Recta,,,,,,,,,,,,,,,,,,,,,,,
36-52,36,52,Recta,,,,,,,,,,,,,,,,,,,,,,,
36-53,36,53,Recta,,,,,,,,,,,,,,,,,,,,,,,
36-54,36,54,Recta,,,,,,,,,,,,,,,,,,,,,,,
36-55,36,55,Recta,,,,,,,,,,,,,,,,,,,,,,,
36-56,36,56,Recta,,,,,,,,,,,,,,,,,,,,,,,
36-57,36,57,Recta,,,,,,,,,,,,,,,,,,,,,,,
36-58,36,58,Recta,,,,,,,,,,,,,,,,,,,,,,,
36-59,36,59,Recta,,,,,,,,,,,,,,,,,,,,,,,
36-60,36,60,Recta,,,,,,,,,,,,,,,,,,,,,,,
36-61,36,61,Recta,,,,,,,,,,,,,,,,,,,,,,,
36-62,36,62,Recta,,,,,,,,,,,,,,,,,,,,,,,
36-63,36,63,Recta,,,,,,,,,,,,,,,,,,,,,,,
36-64,36,64,Recta,,,,,,,,,,,,,,,,,,,,,,,
36-65,36,65,Recta,,,,,,,,,,,,,,,,,,,,,,,
36-66,36,66,Recta,,,,,,,,,,,,,,,,,,,,,,,
36-67,36,67,Recta,,,,,,,,,,,,,,,,,,,,,,,
36-68,36,68,Recta,,,,,,,,,,,,,,,,,,,,,,,
36-69,36,69,Recta,,,,,,,,,,,,,,,,,,,,,,,
36-70,36,70,Recta,,,,,,,,,,,,,,,,,,,,,,,
36-71,36,71,Recta,,,,,,,,,,,,,,,,,,,,,,,
36-72,36,72,Recta,,,,,,,,,,,,,,,,,,,,,,,
36-73,36,73,Recta,,,,,,,,,,,,,,,,,,,,,,,
36-74,36,74,Recta,,,,,,,,,,,,,,,,,,,,,,,
36-75,36,75,Recta,,,,,,,,,,,,,,,,,,,,,,,
36-76,36,76,Recta,,,,,,,,,,,,,,,,,,,,,,,
36-77,36,77,Recta,,,,,,,,,,,,,,,,,,,,,,,
36-78,36,78,Recta,,,,,,,,,,,,,,,,,,,,,,,
36-79,36,79,Recta,,,,,,,,,,,,,,,,,,,,,,,
36-80,36,80,Recta,,,,,,,,,,,,,,,,,,,,,,,
36-81,36,81,Recta,,,,,,,,,,,,,,,,,,,,,,,
36-82,36,82,Recta,,,,,,,,,,,,,,,,,,,,,,,
36-83,36,83,Recta,,,,,,,,,,,,,,,,,,,,,,,
36-84,36,84,Recta,,,,,,,,,,,,,,,,,,,,,,,
37-1,37,1,Recta,,,,,,,,,,,,,,,,,,,,,,,
37-2,37,2,Recta,,,,,,,,,,,,,,,,,,,,,,,
37-3,37,3,Recta,,,,,,,,,,,,,,,,,,,,,,,
37-4,37,4,Recta,,,,,,,,,,,,,,,,,,,,,,,
37-5,37,5,Recta,,,,,,,,,,,,,,,,,,,,,,,
37-6,37,6,Recta,,,,,,,,,,,,,,,,,,,,,,,
37-7,37,7,Recta,,,,,,,,,,,,,,,,,,,,,,,
37-8,37,8,Recta,,,,,,,,,,,,,,,,,,,,,,,
37-9,37,9,Recta,,,,,,,,,,,,,,,,,,,,,,,
37-10,37,10,Recta,,,,,,,,,,,,,,,,,,,,,,,
37-11,37,11,Recta,,,,,,,,,,,,,,,,,,,,,,,
37-12,37,12,Recta,,,,,,,,,,,,,,,,,,,,,,,
37-13,37,13,Recta,,,,,,,,,,,,,,,,,,,,,,,
37-14,37,14,Recta,,,,,,,,,,,,,,,,,,,,,,,
37-15,37,15,Recta,,,,,,,,,,,,,,,,,,,,,,,
37-16,37,16,Recta,,,,,,,,,,,,,,,,,,,,,,,
37-17,37,17,Recta,,,,,,,,,,,,,,,,,,,,,,,
37-18,37,18,Recta,,,,,,,,,,,,,,,,,,,,,,,
37-19,37,19,Recta,,,,,,,,,,,,,,,,,,,,,,,
37-20,37,20,Recta,,,,,,,,,,,,,,,,,,,,,,,
37-21,37,21,Recta,,,,,,,,,,,,,,,,,,,,,,,
37-22,37,22,Recta,,,,,,,,,,,,,,,,,,,,,,,
37-23,37,23,Recta,,,,,,,,,,,,,,,,,,,,,,,
37-24,37,24,Recta,,,,,,,,,,,,,,,,,,,,,,,
37-25,37,25,Recta,,,,,,,,,,,,,,,,,,,,,,,
37-26,37,26,Recta,,,,,,,,,,,,,,,,,,,,,,,
37-27,37,27,Recta,,,,,,,,,,,,,,,,,,,,,,,
37-28,37,28,Recta,,,,,,,,,,,,,,,,,,,,,,,
37-29,37,29,Recta,,,,,,,,,,,,,,,,,,,,,,,
37-30,37,30,Recta,,,,,,,,,,,,,,,,,,,,,,,
37-31,37,31,Recta,,,,,,,,,,,,,,,,,,,,,,,
37-32,37,32,Recta,,,,,,,,,,,,,,,,,,,,,,,
37-33,37,33,Recta,,,,,,,,,,,,,,,,,,,,,,,
37-34,37,34,Recta,,,,,,,,,,,,,,,,,,,,,,,
37-35,37,35,Recta,,,,,,,,,,,,,,,,,,,,,,,
37-36,37,36,Recta,,,,,,,,,,,,,,,,,,,,,,,
37-37,37,37,Recta,,,,,,,,,,,,,,,,,,,,,,,
37-38,37,38,Recta,,,,,,,,,,,,,,,,,,,,,,,
37-39,37,39,Recta,,,,,,,,,,,,,,,,,,,,,,,
37-40,37,40,Recta,,,,,,,,,,,,,,,,,,,,,,,
37-41,37,41,Recta,,,,,,,,,,,,,,,,,,,,,,,
37-42,37,42,Recta,,,,,,,,,,,,,,,,,,,,,,,
37-43,37,43,Recta,,,,,,,,,,,,,,,,,,,,,,,
37-44,37,44,Recta,,,,,,,,,,,,,,,,,,,,,,,
37-45,37,45,Recta,,,,,,,,,,,,,,,,,,,,,,,
37-46,37,46,Recta,,,,,,,,,,,,,,,,,,,,,,,
37-47,37,47,Recta,,,,,,,,,,,,,,,,,,,,,,,
37-48,37,48,Recta,,,,,,,,,,,,,,,,,,,,,,,
37-49,37,49,Recta,,,,,,,,,,,,,,,,,,,,,,,
37-50,37,50,Recta,,,,,,,,,,,,,,,,,,,,,,,
37-51,37,51,Recta,,,,,,,,,,,,,,,,,,,,,,,
37-52,37,52,Recta,,,,,,,,,,,,,,,,,,,,,,,
37-53,37,53,Recta,,,,,,,,,,,,,,,,,,,,,,,
37-54,37,54,Recta,,,,,,,,,,,,,,,,,,,,,,,
37-55,37,55,Recta,,,,,,,,,,,,,,,,,,,,,,,
37-56,37,56,Recta,,,,,,,,,,,,,,,,,,,,,,,
37-57,37,57,Recta,,,,,,,,,,,,,,,,,,,,,,,
37-58,37,58,Recta,,,,,,,,,,,,,,,,,,,,,,,
37-59,37,59,Recta,,,,,,,,,,,,,,,,,,,,,,,
37-60,37,60,Recta,,,,,,,,,,,,,,,,,,,,,,,
37-61,37,61,Recta,,,,,,,,,,,,,,,,,,,,,,,
37-62,37,62,Recta,,,,,,,,,,,,,,,,,,,,,,,
37-63,37,63,Recta,,,,,,,,,,,,,,,,,,,,,,,
37-64,37,64,Recta,,,,,,,,,,,,,,,,,,,,,,,
37-65,37,65,Recta,,,,,,,,,,,,,,,,,,,,,,,
37-66,37,66,Recta,,,,,,,,,,,,,,,,,,,,,,,
37-67,37,67,Recta,,,,,,,,,,,,,,,,,,,,,,,
37-68,37,68,Recta,,,,,,,,,,,,,,,,,,,,,,,
37-69,37,69,Recta,,,,,,,,,,,,,,,,,,,,,,,
37-70,37,70,Recta,,,,,,,,,,,,,,,,,,,,,,,
37-71,37,71,Recta,,,,,,,,,,,,,,,,,,,,,,,
37-72,37,72,Recta,,,,,,,,,,,,,,,,,,,,,,,
37-73,37,73,Recta,,,,,,,,,,,,,,,,,,,,,,,
37-74,37,74,Recta,,,,,,,,,,,,,,,,,,,,,,,
37-75,37,75,Recta,,,,,,,,,,,,,,,,,,,,,,,
37-76,37,76,Recta,,,,,,,,,,,,,,,,,,,,,,,
37-77,37,77,Recta,,,,,,,,,,,,,,,,,,,,,,,
37-78,37,78,Recta,,,,,,,,,,,,,,,,,,,,,,,
37-79,37,79,Recta,,,,,,,,,,,,,,,,,,,,,,,
37-80,37,80,Recta,,,,,,,,,,,,,,,,,,,,,,,
37-81,37,81,Recta,,,,,,,,,,,,,,,,,,,,,,,
37-82,37,82,Recta,,,,,,,,,,,,,,,,,,,,,,,
37-83,37,83,Recta,,,,,,,,,,,,,,,,,,,,,,,
38-1,38,1,Recta,,,,,,,,,,,,,,,,,,,,,,,
38-2,38,2,Recta,,,,,,,,,,,,,,,,,,,,,,,
38-3,38,3,Recta,,,,,,,,,,,,,,,,,,,,,,,
38-4,38,4,Recta,,,,,,,,,,,,,,,,,,,,,,,
38-5,38,5,Recta,,,,,,,,,,,,,,,,,,,,,,,
38-6,38,6,Recta,,,,,,,,,,,,,,,,,,,,,,,
38-7,38,7,Recta,,,,,,,,,,,,,,,,,,,,,,,
38-8,38,8,Recta,,,,,,,,,,,,,,,,,,,,,,,
38-9,38,9,Recta,,,,,,,,,,,,,,,,,,,,,,,
38-10,38,10,Recta,,,,,,,,,,,,,,,,,,,,,,,
38-11,38,11,Recta,,,,,,,,,,,,,,,,,,,,,,,
38-12,38,12,Recta,,,,,,,,,,,,,,,,,,,,,,,
38-13,38,13,Recta,,,,,,,,,,,,,,,,,,,,,,,
38-14,38,14,Recta,,,,,,,,,,,,,,,,,,,,,,,
38-15,38,15,Recta,,,,,,,,,,,,,,,,,,,,,,,
38-16,38,16,Recta,,,,,,,,,,,,,,,,,,,,,,,
38-17,38,17,Recta,,,,,,,,,,,,,,,,,,,,,,,
38-18,38,18,Recta,,,,,,,,,,,,,,,,,,,,,,,
38-19,38,19,Recta,,,,,,,,,,,,,,,,,,,,,,,
38-20,38,20,Recta,,,,,,,,,,,,,,,,,,,,,,,
38-21,38,21,Recta,,,,,,,,,,,,,,,,,,,,,,,
38-22,38,22,Recta,,,,,,,,,,,,,,,,,,,,,,,
38-23,38,23,Recta,,,,,,,,,,,,,,,,,,,,,,,
38-24,38,24,Recta,,,,,,,,,,,,,,,,,,,,,,,
38-25,38,25,Recta,,,,,,,,,,,,,,,,,,,,,,,
38-26,38,26,Recta,,,,,,,,,,,,,,,,,,,,,,,
38-27,38,27,Recta,,,,,,,,,,,,,,,,,,,,,,,
38-28,38,28,Recta,,,,,,,,,,,,,,,,,,,,,,,
38-29,38,29,Recta,,,,,,,,,,,,,,,,,,,,,,,
38-30,38,30,Recta,,,,,,,,,,,,,,,,,,,,,,,
38-31,38,31,Recta,,,,,,,,,,,,,,,,,,,,,,,
38-32,38,32,Recta,,,,,,,,,,,,,,,,,,,,,,,
38-33,38,33,Recta,,,,,,,,,,,,,,,,,,,,,,,
38-34,38,34,Recta,,,,,,,,,,,,,,,,,,,,,,,
38-35,38,35,Recta,,,,,,,,,,,,,,,,,,,,,,,
38-36,38,36,Recta,,,,,,,,,,,,,,,,,,,,,,,
38-37,38,37,Recta,,,,,,,,,,,,,,,,,,,,,,,
38-38,38,38,Recta,,,,,,,,,,,,,,,,,,,,,,,
38-39,38,39,Recta,,,,,,,,,,,,,,,,,,,,,,,
38-40,38,40,Recta,,,,,,,,,,,,,,,,,,,,,,,
38-41,38,41,Recta,,,,,,,,,,,,,,,,,,,,,,,
38-42,38,42,Recta,,,,,,,,,,,,,,,,,,,,,,,
38-43,38,43,Recta,,,,,,,,,,,,,,,,,,,,,,,
38-44,38,44,Recta,,,,,,,,,,,,,,,,,,,,,,,
38-45,38,45,Recta,,,,,,,,,,,,,,,,,,,,,,,
38-46,38,46,Recta,,,,,,,,,,,,,,,,,,,,,,,
38-47,38,47,Recta,,,,,,,,,,,,,,,,,,,,,,,
38-48,38,48,Recta,,,,,,,,,,,,,,,,,,,,,,,
38-49,38,49,Recta,,,,,,,,,,,,,,,,,,,,,,,
38-50,38,50,Recta,,,,,,,,,,,,,,,,,,,,,,,
38-51,38,51,Recta,,,,,,,,,,,,,,,,,,,,,,,
38-52,38,52,Recta,,,,,,,,,,,,,,,,,,,,,,,
38-53,38,53,Recta,,,,,,,,,,,,,,,,,,,,,,,
38-54,38,54,Recta,,,,,,,,,,,,,,,,,,,,,,,
38-55,38,55,Recta,,,,,,,,,,,,,,,,,,,,,,,
38-56,38,56,Recta,,,,,,,,,,,,,,,,,,,,,,,
38-57,38,57,Recta,,,,,,,,,,,,,,,,,,,,,,,
38-58,38,58,Recta,,,,,,,,,,,,,,,,,,,,,,,
38-59,38,59,Recta,,,,,,,,,,,,,,,,,,,,,,,
38-60,38,60,Recta,,,,,,,,,,,,,,,,,,,,,,,
38-61,38,61,Recta,,,,,,,,,,,,,,,,,,,,,,,
38-62,38,62,Recta,,,,,,,,,,,,,,,,,,,,,,,
38-63,38,63,Recta,,,,,,,,,,,,,,,,,,,,,,,
38-64,38,64,Recta,,,,,,,,,,,,,,,,,,,,,,,
38-65,38,65,Recta,,,,,,,,,,,,,,,,,,,,,,,
38-66,38,66,Recta,,,,,,,,,,,,,,,,,,,,,,,
38-67,38,67,Recta,,,,,,,,,,,,,,,,,,,,,,,
38-68,38,68,Recta,,,,,,,,,,,,,,,,,,,,,,,
38-69,38,69,Recta,,,,,,,,,,,,,,,,,,,,,,,
38-70,38,70,Recta,,,,,,,,,,,,,,,,,,,,,,,
38-71,38,71,Recta,,,,,,,,,,,,,,,,,,,,,,,
38-72,38,72,Recta,,,,,,,,,,,,,,,,,,,,,,,
38-73,38,73,Recta,,,,,,,,,,,,,,,,,,,,,,,
38-74,38,74,Recta,,,,,,,,,,,,,,,,,,,,,,,
38-75,38,75,Recta,,,,,,,,,,,,,,,,,,,,,,,
38-76,38,76,Recta,,,,,,,,,,,,,,,,,,,,,,,
38-77,38,77,Recta,,,,,,,,,,,,,,,,,,,,,,,
38-78,38,78,Recta,,,,,,,,,,,,,,,,,,,,,,,
38-79,38,79,Recta,,,,,,,,,,,,,,,,,,,,,,,
38-80,38,80,Recta,,,,,,,,,,,,,,,,,,,,,,,
38-81,38,81,Recta,,,,,,,,,,,,,,,,,,,,,,,
38-82,38,82,Recta,,,,,,,,,,,,,,,,,,,,,,,
38-83,38,83,Recta,,,,,,,,,,,,,,,,,,,,,,,
38-84,38,84,Recta,,,,,,,,,,,,,,,,,,,,,,,
39-1,39,1,Recta,,,,,,,,,,,,,,,,,,,,,,,
39-2,39,2,Recta,,,,,,,,,,,,,,,,,,,,,,,
39-3,39,3,Recta,,,,,,,,,,,,,,,,,,,,,,,
39-4,39,4,Recta,,,,,,,,,,,,,,,,,,,,,,,
39-5,39,5,Recta,,,,,,,,,,,,,,,,,,,,,,,
39-6,39,6,Recta,,,,,,,,,,,,,,,,,,,,,,,
39-7,39,7,Recta,,,,,,,,,,,,,,,,,,,,,,,
39-8,39,8,Recta,,,,,,,,,,,,,,,,,,,,,,,
39-9,39,9,Recta,,,,,,,,,,,,,,,,,,,,,,,
39-10,39,10,Recta,,,,,,,,,,,,,,,,,,,,,,,
39-11,39,11,Recta,,,,,,,,,,,,,,,,,,,,,,,
39-12,39,12,Recta,,,,,,,,,,,,,,,,,,,,,,,
39-13,39,13,Recta,,,,,,,,,,,,,,,,,,,,,,,
39-14,39,14,Recta,,,,,,,,,,,,,,,,,,,,,,,
39-15,39,15,Recta,,,,,,,,,,,,,,,,,,,,,,,
39-16,39,16,Recta,,,,,,,,,,,,,,,,,,,,,,,
39-17,39,17,Recta,,,,,,,,,,,,,,,,,,,,,,,
39-18,39,18,Recta,,,,,,,,,,,,,,,,,,,,,,,
39-19,39,19,Recta,,,,,,,,,,,,,,,,,,,,,,,
39-20,39,20,Recta,,,,,,,,,,,,,,,,,,,,,,,
39-21,39,21,Recta,,,,,,,,,,,,,,,,,,,,,,,
39-22,39,22,Recta,,,,,,,,,,,,,,,,,,,,,,,
39-23,39,23,Recta,,,,,,,,,,,,,,,,,,,,,,,
39-24,39,24,Recta,,,,,,,,,,,,,,,,,,,,,,,
39-25,39,25,Recta,,,,,,,,,,,,,,,,,,,,,,,
39-26,39,26,Recta,,,,,,,,,,,,,,,,,,,,,,,
39-27,39,27,Recta,,,,,,,,,,,,,,,,,,,,,,,
39-28,39,28,Recta,,,,,,,,,,,,,,,,,,,,,,,
39-29,39,29,Recta,,,,,,,,,,,,,,,,,,,,,,,
39-30,39,30,Recta,,,,,,,,,,,,,,,,,,,,,,,
39-31,39,31,Recta,,,,,,,,,,,,,,,,,,,,,,,
39-32,39,32,Recta,,,,,,,,,,,,,,,,,,,,,,,
39-33,39,33,Recta,,,,,,,,,,,,,,,,,,,,,,,
39-34,39,34,Recta,,,,,,,,,,,,,,,,,,,,,,,
39-35,39,35,Recta,,,,,,,,,,,,,,,,,,,,,,,
39-36,39,36,Recta,,,,,,,,,,,,,,,,,,,,,,,
39-37,39,37,Recta,,,,,,,,,,,,,,,,,,,,,,,
39-38,39,38,Recta,,,,,,,,,,,,,,,,,,,,,,,
39-39,39,39,Recta,,,,,,,,,,,,,,,,,,,,,,,
39-40,39,40,Recta,,,,,,,,,,,,,,,,,,,,,,,
39-41,39,41,Recta,,,,,,,,,,,,,,,,,,,,,,,
39-42,39,42,Recta,,,,,,,,,,,,,,,,,,,,,,,
39-43,39,43,Recta,,,,,,,,,,,,,,,,,,,,,,,
39-44,39,44,Recta,,,,,,,,,,,,,,,,,,,,,,,
39-45,39,45,Recta,,,,,,,,,,,,,,,,,,,,,,,
39-46,39,46,Recta,,,,,,,,,,,,,,,,,,,,,,,
39-47,39,47,Recta,,,,,,,,,,,,,,,,,,,,,,,
39-48,39,48,Recta,,,,,,,,,,,,,,,,,,,,,,,
39-49,39,49,Recta,,,,,,,,,,,,,,,,,,,,,,,
39-50,39,50,Recta,,,,,,,,,,,,,,,,,,,,,,,
39-51,39,51,Recta,,,,,,,,,,,,,,,,,,,,,,,
39-52,39,52,Recta,,,,,,,,,,,,,,,,,,,,,,,
39-53,39,53,Recta,,,,,,,,,,,,,,,,,,,,,,,
39-54,39,54,Recta,,,,,,,,,,,,,,,,,,,,,,,
39-55,39,55,Recta,,,,,,,,,,,,,,,,,,,,,,,
39-56,39,56,Recta,,,,,,,,,,,,,,,,,,,,,,,
39-57,39,57,Recta,,,,,,,,,,,,,,,,,,,,,,,
39-58,39,58,Recta,,,,,,,,,,,,,,,,,,,,,,,
39-59,39,59,Recta,,,,,,,,,,,,,,,,,,,,,,,
39-60,39,60,Recta,,,,,,,,,,,,,,,,,,,,,,,
39-61,39,61,Recta,,,,,,,,,,,,,,,,,,,,,,,
39-62,39,62,Recta,,,,,,,,,,,,,,,,,,,,,,,
39-63,39,63,Recta,,,,,,,,,,,,,,,,,,,,,,,
39-64,39,64,Recta,,,,,,,,,,,,,,,,,,,,,,,
39-65,39,65,Recta,,,,,,,,,,,,,,,,,,,,,,,
39-66,39,66,Recta,,,,,,,,,,,,,,,,,,,,,,,
39-67,39,67,Recta,,,,,,,,,,,,,,,,,,,,,,,
39-68,39,68,Recta,,,,,,,,,,,,,,,,,,,,,,,
39-69,39,69,Recta,,,,,,,,,,,,,,,,,,,,,,,
39-70,39,70,Recta,,,,,,,,,,,,,,,,,,,,,,,
39-71,39,71,Recta,,,,,,,,,,,,,,,,,,,,,,,
39-72,39,72,Recta,,,,,,,,,,,,,,,,,,,,,,,
39-73,39,73,Recta,,,,,,,,,,,,,,,,,,,,,,,
39-74,39,74,Recta,,,,,,,,,,,,,,,,,,,,,,,
39-75,39,75,Recta,,,,,,,,,,,,,,,,,,,,,,,
39-76,39,76,Recta,,,,,,,,,,,,,,,,,,,,,,,
39-77,39,77,Recta,,,,,,,,,,,,,,,,,,,,,,,
39-78,39,78,Recta,,,,,,,,,,,,,,,,,,,,,,,
39-79,39,79,Recta,,,,,,,,,,,,,,,,,,,,,,,
39-80,39,80,Recta,,,,,,,,,,,,,,,,,,,,,,,
39-81,39,81,Recta,,,,,,,,,,,,,,,,,,,,,,,
39-82,39,82,Recta,,,,,,,,,,,,,,,,,,,,,,,
39-83,39,83,Recta,,,,,,,,,,,,,,,,,,,,,,,
39-84,39,84,Recta,,,,,,,,,,,,,,,,,,,,,,,
40-1,40,1,Recta,,,,,,,,,,,,,,,,,,,,,,,
40-2,40,2,Recta,,,,,,,,,,,,,,,,,,,,,,,
40-3,40,3,Recta,,,,,,,,,,,,,,,,,,,,,,,
40-4,40,4,Recta,,,,,,,,,,,,,,,,,,,,,,,
40-5,40,5,Recta,,,,,,,,,,,,,,,,,,,,,,,
40-6,40,6,Recta,,,,,,,,,,,,,,,,,,,,,,,
40-7,40,7,Recta,,,,,,,,,,,,,,,,,,,,,,,
40-8,40,8,Recta,,,,,,,,,,,,,,,,,,,,,,,
40-9,40,9,Recta,,,,,,,,,,,,,,,,,,,,,,,
40-10,40,10,Recta,,,,,,,,,,,,,,,,,,,,,,,
40-11,40,11,Recta,,,,,,,,,,,,,,,,,,,,,,,
40-12,40,12,Recta,,,,,,,,,,,,,,,,,,,,,,,
40-13,40,13,Recta,,,,,,,,,,,,,,,,,,,,,,,
40-14,40,14,Principio Curva > 1000,,,,,,,,,,,,,,,,,,,,,,,
40-15,40,15,Curva > 1000,,,,,,,,,,,,,,,,,,,,,,,
40-16,40,16,Curva > 1000,,,,,,,,,,,,,,,,,,,,,,,
40-17,40,17,Curva > 1000,,,,,,,,,,,,,,,,,,,,,,,
40-18,40,18,Curva > 1000,,,,,,,,,,,,,,,,,,,,,,,
40-19,40,19,Curva > 1000,,,,,,,,,,,,,,,,,,,,,,,
40-20,40,20,Curva > 1000,,,,,,,,,,,,,,,,,,,,,,,
40-21,40,21,Curva > 1000,,,,,,,,,,,,,,,,,,,,,,,
40-22,40,22,Curva > 1000,,,,,,,,,,,,,,,,,,,,,,,
40-23,40,23,Curva > 1000,,,,,,,,,,,,,,,,,,,,,,,
40-24,40,24,Curva > 1000,,,,,,,,,,,,,,,,,,,,,,,
40-25,40,25,Curva > 1000,,,,,,,,,,,,,,,,,,,,,,,
40-26,40,26,Curva > 1000,,,,,,,,,,,,,,,,,,,,,,,
40-27,40,27,Curva > 1000,,,,,,,,,,,,,,,,,,,,,,,
40-28,40,28,Curva > 1000,,,,,,,,,,,,,,,,,,,,,,,
40-29,40,29,Curva > 1000,,,,,,,,,,,,,,,,,,,,,,,
40-30,40,30,Curva > 1000,,,,,,,,,,,,,,,,,,,,,,,
40-31,40,31,Curva > 1000,,,,,,,,,,,,,,,,,,,,,,,
40-32,40,32,Curva > 1000,,,,,,,,,,,,,,,,,,,,,,,
40-33,40,33,Curva > 1000,,,,,,,,,,,,,,,,,,,,,,,
40-34,40,34,Curva > 1000,,,,,,,,,,,,,,,,,,,,,,,
40-35,40,35,Curva > 1000,,,,,,,,,,,,,,,,,,,,,,,
40-36,40,36,Curva > 1000,,,,,,,,,,,,,,,,,,,,,,,
40-37,40,37,Curva > 1000,,,,,,,,,,,,,,,,,,,,,,,
40-38,40,38,Curva > 1000,,,,,,,,,,,,,,,,,,,,,,,
40-39,40,39,Curva > 1000,,,,,,,,,,,,,,,,,,,,,,,
40-40,40,40,Curva > 1000,,,,,,,,,,,,,,,,,,,,,,,
40-41,40,41,Curva > 1000,,,,,,,,,,,,,,,,,,,,,,,
40-42,40,42,Curva > 1000,,,,,,,,,,,,,,,,,,,,,,,
40-43,40,43,Curva > 1000,,,,,,,,,,,,,,,,,,,,,,,
40-44,40,44,Curva > 1000,,,,,,,,,,,,,,,,,,,,,,,
40-45,40,45,Curva > 1000,,,,,,,,,,,,,,,,,,,,,,,
40-46,40,46,Curva > 1000,,,,,,,,,,,,,,,,,,,,,,,
40-47,40,47,Fin Curva Circular > 1000,,,,,,,,,,,,,,,,,,,,,,,
40-48,40,48,Curva > 1000,,,,,,,,,,,,,,,,,,,,,,,
40-49,40,49,Curva > 1000,,,,,,,,,,,,,,,,,,,,,,,
40-50,40,50,Curva > 1000,,,,,,,,,,,,,,,,,,,,,,,
40-51,40,51,Curva > 1000,,,,,,,,,,,,,,,,,,,,,,,
40-52,40,52,Fin Curva > 1000,,,,,,,,,,,,,,,,,,,,,,,
40-53,40,53,Recta,,,,,,,,,,,,,,,,,,,,,,,
40-54,40,54,Recta,,,,,,,,,,,,,,,,,,,,,,,
40-55,40,55,Recta,,,,,,,,,,,,,,,,,,,,,,,
40-56,40,56,Recta,,,,,,,,,,,,,,,,,,,,,,,
40-57,40,57,Recta,,,,,,,,,,,,,,,,,,,,,,,
40-58,40,58,Recta,,,,,,,,,,,,,,,,,,,,,,,
40-59,40,59,Recta,,,,,,,,,,,,,,,,,,,,,,,
40-60,40,60,Recta,,,,,,,,,,,,,,,,,,,,,,,
40-61,40,61,Recta,,,,,,,,,,,,,,,,,,,,,,,
40-62,40,62,Recta,,,,,,,,,,,,,,,,,,,,,,,
40-63,40,63,Recta,,,,,,,,,,,,,,,,,,,,,,,
40-64,40,64,Recta,,,,,,,,,,,,,,,,,,,,,,,
40-65,40,65,Recta,,,,,,,,,,,,,,,,,,,,,,,
40-66,40,66,Recta,,,,,,,,,,,,,,,,,,,,,,,
40-67,40,67,Recta,,,,,,,,,,,,,,,,,,,,,,,
40-68,40,68,Recta,,,,,,,,,,,,,,,,,,,,,,,
40-69,40,69,Recta,,,,,,,,,,,,,,,,,,,,,,,
40-70,40,70,Recta,,,,,,,,,,,,,,,,,,,,,,,
40-71,40,71,Recta,,,,,,,,,,,,,,,,,,,,,,,
40-72,40,72,Recta,,,,,,,,,,,,,,,,,,,,,,,
40-73,40,73,Recta,,,,,,,,,,,,,,,,,,,,,,,
40-74,40,74,Recta,,,,,,,,,,,,,,,,,,,,,,,
40-75,40,75,Recta,,,,,,,,,,,,,,,,,,,,,,,
40-76,40,76,Recta,,,,,,,,,,,,,,,,,,,,,,,
40-77,40,77,Recta,,,,,,,,,,,,,,,,,,,,,,,
40-78,40,78,Recta,,,,,,,,,,,,,,,,,,,,,,,
40-79,40,79,Recta,,,,,,,,,,,,,,,,,,,,,,,
40-80,40,80,Recta,,,,,,,,,,,,,,,,,,,,,,,
40-81,40,81,Recta,,,,,,,,,,,,,,,,,,,,,,,
40-82,40,82,Recta,,,,,,,,,,,,,,,,,,,,,,,
40-83,40,83,Recta,,,,,,,,,,,,,,,,,,,,,,,
41-1,41,1,Recta,,,,,,,,,,,,,,,,,,,,,,,
41-2,41,2,Recta,,,,,,,,,,,,,,,,,,,,,,,
41-3,41,3,Recta,,,,,,,,,,,,,,,,,,,,,,,
41-4,41,4,Recta,,,,,,,,,,,,,,,,,,,,,,,
41-5,41,5,Recta,,,,,,,,,,,,,,,,,,,,,,,
41-6,41,6,Recta,,,,,,,,,,,,,,,,,,,,,,,
41-7,41,7,Recta,,,,,,,,,,,,,,,,,,,,,,,
41-8,41,8,Recta,,,,,,,,,,,,,,,,,,,,,,,
41-9,41,9,Recta,,,,,,,,,,,,,,,,,,,,,,,
41-10,41,10,Recta,,,,,,,,,,,,,,,,,,,,,,,
41-11,41,11,Recta,,,,,,,,,,,,,,,,,,,,,,,
41-12,41,12,Recta,,,,,,,,,,,,,,,,,,,,,,,
41-13,41,13,Recta,,,,,,,,,,,,,,,,,,,,,,,
41-14,41,14,Recta,,,,,,,,,,,,,,,,,,,,,,,
41-15,41,15,Recta,,,,,,,,,,,,,,,,,,,,,,,
41-16,41,16,Recta,,,,,,,,,,,,,,,,,,,,,,,
41-17,41,17,Recta,,,,,,,,,,,,,,,,,,,,,,,
41-18,41,18,Recta,,,,,,,,,,,,,,,,,,,,,,,
41-19,41,19,Recta,,,,,,,,,,,,,,,,,,,,,,,
41-20,41,20,Recta,,,,,,,,,,,,,,,,,,,,,,,
41-21,41,21,Recta,,,,,,,,,,,,,,,,,,,,,,,
41-22,41,22,Recta,,,,,,,,,,,,,,,,,,,,,,,
41-23,41,23,Recta,,,,,,,,,,,,,,,,,,,,,,,
41-24,41,24,Recta,,,,,,,,,,,,,,,,,,,,,,,
41-25,41,25,Recta,,,,,,,,,,,,,,,,,,,,,,,
41-26,41,26,Recta,,,,,,,,,,,,,,,,,,,,,,,
41-27,41,27,Recta,,,,,,,,,,,,,,,,,,,,,,,
41-28,41,28,Recta,,,,,,,,,,,,,,,,,,,,,,,
41-29,41,29,Recta,,,,,,,,,,,,,,,,,,,,,,,
41-30,41,30,Recta,,,,,,,,,,,,,,,,,,,,,,,
41-31,41,31,Recta,,,,,,,,,,,,,,,,,,,,,,,
41-32,41,32,Recta,,,,,,,,,,,,,,,,,,,,,,,
41-33,41,33,Recta,,,,,,,,,,,,,,,,,,,,,,,
41-34,41,34,Recta,,,,,,,,,,,,,,,,,,,,,,,
41-35,41,35,Recta,,,,,,,,,,,,,,,,,,,,,,,
41-36,41,36,Recta,,,,,,,,,,,,,,,,,,,,,,,
41-37,41,37,Recta,,,,,,,,,,,,,,,,,,,,,,,
41-38,41,38,Recta,,,,,,,,,,,,,,,,,,,,,,,
41-39,41,39,Recta,,,,,,,,,,,,,,,,,,,,,,,
41-40,41,40,Recta,,,,,,,,,,,,,,,,,,,,,,,
41-41,41,41,Recta,,,,,,,,,,,,,,,,,,,,,,,
41-42,41,42,Recta,,,,,,,,,,,,,,,,,,,,,,,
41-43,41,43,Recta,,,,,,,,,,,,,,,,,,,,,,,
41-44,41,44,Recta,,,,,,,,,,,,,,,,,,,,,,,
41-45,41,45,Recta,,,,,,,,,,,,,,,,,,,,,,,
41-46,41,46,Recta,,,,,,,,,,,,,,,,,,,,,,,
41-47,41,47,Recta,,,,,,,,,,,,,,,,,,,,,,,
41-48,41,48,Recta,,,,,,,,,,,,,,,,,,,,,,,
41-49,41,49,Recta,,,,,,,,,,,,,,,,,,,,,,,
41-50,41,50,Recta,,,,,,,,,,,,,,,,,,,,,,,
41-51,41,51,Recta,,,,,,,,,,,,,,,,,,,,,,,
41-52,41,52,Recta,,,,,,,,,,,,,,,,,,,,,,,
41-53,41,53,Recta,,,,,,,,,,,,,,,,,,,,,,,
41-54,41,54,Recta,,,,,,,,,,,,,,,,,,,,,,,
41-55,41,55,Recta,,,,,,,,,,,,,,,,,,,,,,,
41-56,41,56,Recta,,,,,,,,,,,,,,,,,,,,,,,
41-57,41,57,Recta,,,,,,,,,,,,,,,,,,,,,,,
41-58,41,58,Recta,,,,,,,,,,,,,,,,,,,,,,,
41-59,41,59,Recta,,,,,,,,,,,,,,,,,,,,,,,
41-60,41,60,Recta,,,,,,,,,,,,,,,,,,,,,,,
41-61,41,61,Recta,,,,,,,,,,,,,,,,,,,,,,,
41-62,41,62,Recta,,,,,,,,,,,,,,,,,,,,,,,
41-63,41,63,Recta,,,,,,,,,,,,,,,,,,,,,,,
41-64,41,64,Recta,,,,,,,,,,,,,,,,,,,,,,,
41-65,41,65,Recta,,,,,,,,,,,,,,,,,,,,,,,
41-66,41,66,Recta,,,,,,,,,,,,,,,,,,,,,,,
41-67,41,67,Recta,,,,,,,,,,,,,,,,,,,,,,,
41-68,41,68,Recta,,,,,,,,,,,,,,,,,,,,,,,
41-69,41,69,Recta,,,,,,,,,,,,,,,,,,,,,,,
41-70,41,70,Recta,,,,,,,,,,,,,,,,,,,,,,,
41-71,41,71,Recta,,,,,,,,,,,,,,,,,,,,,,,
41-72,41,72,Recta,,,,,,,,,,,,,,,,,,,,,,,
41-73,41,73,Recta,,,,,,,,,,,,,,,,,,,,,,,
41-74,41,74,Recta,,,,,,,,,,,,,,,,,,,,,,,
41-75,41,75,Recta,,,,,,,,,,,,,,,,,,,,,,,
41-76,41,76,Recta,,,,,,,,,,,,,,,,,,,,,,,
41-77,41,77,Recta,,,,,,,,,,,,,,,,,,,,,,,
41-78,41,78,Recta,,,,,,,,,,,,,,,,,,,,,,,
41-79,41,79,Recta,,,,,,,,,,,,,,,,,,,,,,,
41-80,41,80,Recta,,,,,,,,,,,,,,,,,,,,,,,
41-81,41,81,Recta,,,,,,,,,,,,,,,,,,,,,,,
41-82,41,82,Recta,,,,,,,,,,,,,,,,,,,,,,,
41-83,41,83,Recta,,,,,,,,,,,,,,,,,,,,,,,
41-84,41,84,Recta,,,,,,,,,,,,,,,,,,,,,,,
42-1,42,1,Recta,,,,,,,,,,,,,,,,,,,,,,,
42-2,42,2,Recta,,,,,,,,,,,,,,,,,,,,,,,
42-3,42,3,Recta,,,,,,,,,,,,,,,,,,,,,,,
42-4,42,4,Recta,,,,,,,,,,,,,,,,,,,,,,,
42-5,42,5,Recta,,,,,,,,,,,,,,,,,,,,,,,
42-6,42,6,Recta,,,,,,,,,,,,,,,,,,,,,,,
42-7,42,7,Recta,,,,,,,,,,,,,,,,,,,,,,,
42-8,42,8,Recta,,,,,,,,,,,,,,,,,,,,,,,
42-9,42,9,Recta,,,,,,,,,,,,,,,,,,,,,,,
42-10,42,10,Recta,,,,,,,,,,,,,,,,,,,,,,,
42-11,42,11,Recta,,,,,,,,,,,,,,,,,,,,,,,
42-12,42,12,Recta,,,,,,,,,,,,,,,,,,,,,,,
42-13,42,13,Recta,,,,,,,,,,,,,,,,,,,,,,,
42-14,42,14,Recta,,,,,,,,,,,,,,,,,,,,,,,
42-15,42,15,Recta,,,,,,,,,,,,,,,,,,,,,,,
42-16,42,16,Recta,,,,,,,,,,,,,,,,,,,,,,,
42-17,42,17,Recta,,,,,,,,,,,,,,,,,,,,,,,
42-18,42,18,Recta,,,,,,,,,,,,,,,,,,,,,,,
42-19,42,19,Recta,,,,,,,,,,,,,,,,,,,,,,,
42-20,42,20,Recta,,,,,,,,,,,,,,,,,,,,,,,
42-21,42,21,Recta,,,,,,,,,,,,,,,,,,,,,,,
42-22,42,22,Recta,,,,,,,,,,,,,,,,,,,,,,,
42-23,42,23,Recta,,,,,,,,,,,,,,,,,,,,,,,
42-24,42,24,Recta,,,,,,,,,,,,,,,,,,,,,,,
42-25,42,25,Recta,,,,,,,,,,,,,,,,,,,,,,,
42-26,42,26,Recta,,,,,,,,,,,,,,,,,,,,,,,
42-27,42,27,Recta,,,,,,,,,,,,,,,,,,,,,,,
42-28,42,28,Recta,,,,,,,,,,,,,,,,,,,,,,,
42-29,42,29,Recta,,,,,,,,,,,,,,,,,,,,,,,
42-30,42,30,Recta,,,,,,,,,,,,,,,,,,,,,,,
42-31,42,31,Recta,,,,,,,,,,,,,,,,,,,,,,,
42-32,42,32,Recta,,,,,,,,,,,,,,,,,,,,,,,
42-33,42,33,Recta,,,,,,,,,,,,,,,,,,,,,,,
42-34,42,34,Recta,,,,,,,,,,,,,,,,,,,,,,,
42-35,42,35,Recta,,,,,,,,,,,,,,,,,,,,,,,
42-36,42,36,Recta,,,,,,,,,,,,,,,,,,,,,,,
42-37,42,37,Recta,,,,,,,,,,,,,,,,,,,,,,,
42-38,42,38,Recta,,,,,,,,,,,,,,,,,,,,,,,
42-39,42,39,Recta,,,,,,,,,,,,,,,,,,,,,,,
42-40,42,40,Recta,,,,,,,,,,,,,,,,,,,,,,,
42-41,42,41,Recta,,,,,,,,,,,,,,,,,,,,,,,
42-42,42,42,Recta,,,,,,,,,,,,,,,,,,,,,,,
42-43,42,43,Recta,,,,,,,,,,,,,,,,,,,,,,,
42-44,42,44,Recta,,,,,,,,,,,,,,,,,,,,,,,
42-45,42,45,Recta,,,,,,,,,,,,,,,,,,,,,,,
42-46,42,46,Recta,,,,,,,,,,,,,,,,,,,,,,,
42-47,42,47,Recta,,,,,,,,,,,,,,,,,,,,,,,
42-48,42,48,Recta,,,,,,,,,,,,,,,,,,,,,,,
42-49,42,49,Recta,,,,,,,,,,,,,,,,,,,,,,,
42-50,42,50,Recta,,,,,,,,,,,,,,,,,,,,,,,
42-51,42,51,Recta,,,,,,,,,,,,,,,,,,,,,,,
42-52,42,52,Recta,,,,,,,,,,,,,,,,,,,,,,,
42-53,42,53,Recta,,,,,,,,,,,,,,,,,,,,,,,
42-54,42,54,Recta,,,,,,,,,,,,,,,,,,,,,,,
42-55,42,55,Recta,,,,,,,,,,,,,,,,,,,,,,,
42-56,42,56,Recta,,,,,,,,,,,,,,,,,,,,,,,
42-57,42,57,Recta,,,,,,,,,,,,,,,,,,,,,,,
42-58,42,58,Recta,,,,,,,,,,,,,,,,,,,,,,,
42-59,42,59,Recta,,,,,,,,,,,,,,,,,,,,,,,
42-60,42,60,Recta,,,,,,,,,,,,,,,,,,,,,,,
42-61,42,61,Recta,,,,,,,,,,,,,,,,,,,,,,,
42-62,42,62,Recta,,,,,,,,,,,,,,,,,,,,,,,
42-63,42,63,Recta,,,,,,,,,,,,,,,,,,,,,,,
42-64,42,64,Recta,,,,,,,,,,,,,,,,,,,,,,,
42-65,42,65,Recta,,,,,,,,,,,,,,,,,,,,,,,
42-66,42,66,Recta,,,,,,,,,,,,,,,,,,,,,,,
42-67,42,67,Recta,,,,,,,,,,,,,,,,,,,,,,,
42-68,42,68,Recta,,,,,,,,,,,,,,,,,,,,,,,
42-69,42,69,Recta,,,,,,,,,,,,,,,,,,,,,,,
42-70,42,70,Recta,,,,,,,,,,,,,,,,,,,,,,,
42-71,42,71,Recta,,,,,,,,,,,,,,,,,,,,,,,
42-72,42,72,Recta,,,,,,,,,,,,,,,,,,,,,,,
42-73,42,73,Recta,,,,,,,,,,,,,,,,,,,,,,,
42-74,42,74,Recta,,,,,,,,,,,,,,,,,,,,,,,
42-75,42,75,Recta,,,,,,,,,,,,,,,,,,,,,,,
42-76,42,76,Recta,,,,,,,,,,,,,,,,,,,,,,,
42-77,42,77,Recta,,,,,,,,,,,,,,,,,,,,,,,
42-78,42,78,Recta,,,,,,,,,,,,,,,,,,,,,,,
42-79,42,79,Recta,,,,,,,,,,,,,,,,,,,,,,,
42-80,42,80,Recta,,,,,,,,,,,,,,,,,,,,,,,
42-81,42,81,Recta,,,,,,,,,,,,,,,,,,,,,,,
42-82,42,82,Recta,,,,,,,,,,,,,,,,,,,,,,,
42-83,42,83,Recta,,,,,,,,,,,,,,,,,,,,,,,
42-84,42,84,Recta,,,,,,,,,,,,,,,,,,,,,,,
42-85,42,85,Recta,,,,,,,,,,,,,,,,,,,,,,,
43-1,43,1,Recta,,,,,,,,,,,,,,,,,,,,,,,
43-2,43,2,Recta,,,,,,,,,,,,,,,,,,,,,,,
43-3,43,3,Recta,,,,,,,,,,,,,,,,,,,,,,,
43-4,43,4,Recta,,,,,,,,,,,,,,,,,,,,,,,
43-5,43,5,Recta,,,,,,,,,,,,,,,,,,,,,,,
43-6,43,6,Recta,,,,,,,,,,,,,,,,,,,,,,,
43-7,43,7,Recta,,,,,,,,,,,,,,,,,,,,,,,
43-8,43,8,Recta,,,,,,,,,,,,,,,,,,,,,,,
43-9,43,9,Recta,,,,,,,,,,,,,,,,,,,,,,,
43-10,43,10,Recta,,,,,,,,,,,,,,,,,,,,,,,
43-11,43,11,Recta,,,,,,,,,,,,,,,,,,,,,,,
43-12,43,12,Recta,,,,,,,,,,,,,,,,,,,,,,,
43-13,43,13,Recta,,,,,,,,,,,,,,,,,,,,,,,
43-14,43,14,Recta,,,,,,,,,,,,,,,,,,,,,,,
43-15,43,15,Recta,,,,,,,,,,,,,,,,,,,,,,,
43-16,43,16,Recta,,,,,,,,,,,,,,,,,,,,,,,
43-17,43,17,Recta,,,,,,,,,,,,,,,,,,,,,,,
43-18,43,18,Recta,,,,,,,,,,,,,,,,,,,,,,,
43-19,43,19,Recta,,,,,,,,,,,,,,,,,,,,,,,
43-20,43,20,Recta,,,,,,,,,,,,,,,,,,,,,,,
43-21,43,21,Recta,,,,,,,,,,,,,,,,,,,,,,,
43-22,43,22,Recta,,,,,,,,,,,,,,,,,,,,,,,
43-23,43,23,Recta,,,,,,,,,,,,,,,,,,,,,,,
43-24,43,24,Recta,,,,,,,,,,,,,,,,,,,,,,,
43-25,43,25,Recta,,,,,,,,,,,,,,,,,,,,,,,
43-26,43,26,Recta,,,,,,,,,,,,,,,,,,,,,,,
43-27,43,27,Recta,,,,,,,,,,,,,,,,,,,,,,,
43-28,43,28,Recta,,,,,,,,,,,,,,,,,,,,,,,
43-29,43,29,Recta,,,,,,,,,,,,,,,,,,,,,,,
43-30,43,30,Recta,,,,,,,,,,,,,,,,,,,,,,,
43-31,43,31,Recta,,,,,,,,,,,,,,,,,,,,,,,
43-32,43,32,Recta,,,,,,,,,,,,,,,,,,,,,,,
43-33,43,33,Recta,,,,,,,,,,,,,,,,,,,,,,,
43-34,43,34,Recta,,,,,,,,,,,,,,,,,,,,,,,
43-35,43,35,Recta,,,,,,,,,,,,,,,,,,,,,,,
43-36,43,36,Recta,,,,,,,,,,,,,,,,,,,,,,,
43-37,43,37,Recta,,,,,,,,,,,,,,,,,,,,,,,
43-38,43,38,Recta,,,,,,,,,,,,,,,,,,,,,,,
43-39,43,39,Recta,,,,,,,,,,,,,,,,,,,,,,,
43-40,43,40,Recta,,,,,,,,,,,,,,,,,,,,,,,
43-41,43,41,Recta,,,,,,,,,,,,,,,,,,,,,,,
43-42,43,42,Recta,,,,,,,,,,,,,,,,,,,,,,,
43-43,43,43,Recta,,,,,,,,,,,,,,,,,,,,,,,
43-44,43,44,Recta,,,,,,,,,,,,,,,,,,,,,,,
43-45,43,45,Recta,,,,,,,,,,,,,,,,,,,,,,,
43-46,43,46,Recta,,,,,,,,,,,,,,,,,,,,,,,
43-47,43,47,Recta,,,,,,,,,,,,,,,,,,,,,,,
43-48,43,48,Recta,,,,,,,,,,,,,,,,,,,,,,,
43-49,43,49,Recta,,,,,,,,,,,,,,,,,,,,,,,
43-50,43,50,Recta,,,,,,,,,,,,,,,,,,,,,,,
43-51,43,51,Recta,,,,,,,,,,,,,,,,,,,,,,,
43-52,43,52,Recta,,,,,,,,,,,,,,,,,,,,,,,
43-53,43,53,Recta,,,,,,,,,,,,,,,,,,,,,,,
43-54,43,54,Recta,,,,,,,,,,,,,,,,,,,,,,,
43-55,43,55,Recta,,,,,,,,,,,,,,,,,,,,,,,
43-56,43,56,Recta,,,,,,,,,,,,,,,,,,,,,,,
43-57,43,57,Recta,,,,,,,,,,,,,,,,,,,,,,,
43-58,43,58,Recta,,,,,,,,,,,,,,,,,,,,,,,
43-59,43,59,Recta,,,,,,,,,,,,,,,,,,,,,,,
43-60,43,60,Recta,,,,,,,,,,,,,,,,,,,,,,,
43-61,43,61,Recta,,,,,,,,,,,,,,,,,,,,,,,
43-62,43,62,Recta,,,,,,,,,,,,,,,,,,,,,,,
43-63,43,63,Recta,,,,,,,,,,,,,,,,,,,,,,,
43-64,43,64,Recta,,,,,,,,,,,,,,,,,,,,,,,
43-65,43,65,Recta,,,,,,,,,,,,,,,,,,,,,,,
43-66,43,66,Recta,,,,,,,,,,,,,,,,,,,,,,,
43-67,43,67,Recta,,,,,,,,,,,,,,,,,,,,,,,
43-68,43,68,Recta,,,,,,,,,,,,,,,,,,,,,,,
43-69,43,69,Recta,,,,,,,,,,,,,,,,,,,,,,,
43-70,43,70,Recta,,,,,,,,,,,,,,,,,,,,,,,
43-71,43,71,Recta,,,,,,,,,,,,,,,,,,,,,,,
43-72,43,72,Recta,,,,,,,,,,,,,,,,,,,,,,,
43-73,43,73,Recta,,,,,,,,,,,,,,,,,,,,,,,
43-74,43,74,Recta,,,,,,,,,,,,,,,,,,,,,,,
43-75,43,75,Recta,,,,,,,,,,,,,,,,,,,,,,,
43-76,43,76,Recta,,,,,,,,,,,,,,,,,,,,,,,
43-77,43,77,Recta,,,,,,,,,,,,,,,,,,,,,,,
43-78,43,78,Recta,,,,,,,,,,,,,,,,,,,,,,,
43-79,43,79,Recta,,,,,,,,,,,,,,,,,,,,,,,
43-80,43,80,Recta,,,,,,,,,,,,,,,,,,,,,,,
43-81,43,81,Recta,,,,,,,,,,,,,,,,,,,,,,,
43-82,43,82,Recta,,,,,,,,,,,,,,,,,,,,,,,
43-83,43,83,Recta,,,,,,,,,,,,,,,,,,,,,,,
43-84,43,84,Recta,,,,,,,,,,,,,,,,,,,,,,,
44-1,44,1,Recta,,,,,,,,,,,,,,,,,,,,,,,
44-2,44,2,Recta,,,,,,,,,,,,,,,,,,,,,,,
44-3,44,3,Recta,,,,,,,,,,,,,,,,,,,,,,,
44-4,44,4,Recta,,,,,,,,,,,,,,,,,,,,,,,
44-5,44,5,Recta,,,,,,,,,,,,,,,,,,,,,,,
44-6,44,6,Recta,,,,,,,,,,,,,,,,,,,,,,,
44-7,44,7,Recta,,,,,,,,,,,,,,,,,,,,,,,
44-8,44,8,Recta,,,,,,,,,,,,,,,,,,,,,,,
44-9,44,9,Recta,,,,,,,,,,,,,,,,,,,,,,,
44-10,44,10,Recta,,,,,,,,,,,,,,,,,,,,,,,
44-11,44,11,Recta,,,,,,,,,,,,,,,,,,,,,,,
44-12,44,12,Recta,,,,,,,,,,,,,,,,,,,,,,,
44-13,44,13,Recta,,,,,,,,,,,,,,,,,,,,,,,
44-14,44,14,Recta,,,,,,,,,,,,,,,,,,,,,,,
44-15,44,15,Recta,,,,,,,,,,,,,,,,,,,,,,,
44-16,44,16,Recta,,,,,,,,,,,,,,,,,,,,,,,
44-17,44,17,Recta,,,,,,,,,,,,,,,,,,,,,,,
44-18,44,18,Recta,,,,,,,,,,,,,,,,,,,,,,,
44-19,44,19,Recta,,,,,,,,,,,,,,,,,,,,,,,
44-20,44,20,Recta,,,,,,,,,,,,,,,,,,,,,,,
44-21,44,21,Recta,,,,,,,,,,,,,,,,,,,,,,,
44-22,44,22,Recta,,,,,,,,,,,,,,,,,,,,,,,
44-23,44,23,Recta,,,,,,,,,,,,,,,,,,,,,,,
44-24,44,24,Recta,,,,,,,,,,,,,,,,,,,,,,,
44-25,44,25,Recta,,,,,,,,,,,,,,,,,,,,,,,
44-26,44,26,Recta,,,,,,,,,,,,,,,,,,,,,,,
44-27,44,27,Recta,,,,,,,,,,,,,,,,,,,,,,,
44-28,44,28,Recta,,,,,,,,,,,,,,,,,,,,,,,
44-29,44,29,Recta,,,,,,,,,,,,,,,,,,,,,,,
44-30,44,30,Recta,,,,,,,,,,,,,,,,,,,,,,,
44-31,44,31,Recta,,,,,,,,,,,,,,,,,,,,,,,
44-32,44,32,Recta,,,,,,,,,,,,,,,,,,,,,,,
44-33,44,33,Recta,,,,,,,,,,,,,,,,,,,,,,,
44-34,44,34,Recta,,,,,,,,,,,,,,,,,,,,,,,
44-35,44,35,Recta,,,,,,,,,,,,,,,,,,,,,,,
44-36,44,36,Recta,,,,,,,,,,,,,,,,,,,,,,,
44-37,44,37,Recta,,,,,,,,,,,,,,,,,,,,,,,
44-38,44,38,Recta,,,,,,,,,,,,,,,,,,,,,,,
44-39,44,39,Recta,,,,,,,,,,,,,,,,,,,,,,,
44-40,44,40,Recta,,,,,,,,,,,,,,,,,,,,,,,
44-41,44,41,Recta,,,,,,,,,,,,,,,,,,,,,,,
44-42,44,42,Recta,,,,,,,,,,,,,,,,,,,,,,,
44-43,44,43,Recta,,,,,,,,,,,,,,,,,,,,,,,
44-44,44,44,Recta,,,,,,,,,,,,,,,,,,,,,,,
44-45,44,45,Recta,,,,,,,,,,,,,,,,,,,,,,,
44-46,44,46,Recta,,,,,,,,,,,,,,,,,,,,,,,
44-47,44,47,Recta,,,,,,,,,,,,,,,,,,,,,,,
44-48,44,48,Recta,,,,,,,,,,,,,,,,,,,,,,,
44-49,44,49,Recta,,,,,,,,,,,,,,,,,,,,,,,
44-50,44,50,Recta,,,,,,,,,,,,,,,,,,,,,,,
44-51,44,51,Recta,,,,,,,,,,,,,,,,,,,,,,,
44-52,44,52,Recta,,,,,,,,,,,,,,,,,,,,,,,
44-53,44,53,Recta,,,,,,,,,,,,,,,,,,,,,,,
44-54,44,54,Recta,,,,,,,,,,,,,,,,,,,,,,,
44-55,44,55,Recta,,,,,,,,,,,,,,,,,,,,,,,
44-56,44,56,Recta,,,,,,,,,,,,,,,,,,,,,,,
44-57,44,57,Recta,,,,,,,,,,,,,,,,,,,,,,,
44-58,44,58,Recta,,,,,,,,,,,,,,,,,,,,,,,
44-59,44,59,Recta,,,,,,,,,,,,,,,,,,,,,,,
44-60,44,60,Recta,,,,,,,,,,,,,,,,,,,,,,,
44-61,44,61,Recta,,,,,,,,,,,,,,,,,,,,,,,
44-62,44,62,Recta,,,,,,,,,,,,,,,,,,,,,,,
44-63,44,63,Recta,,,,,,,,,,,,,,,,,,,,,,,
44-64,44,64,Recta,,,,,,,,,,,,,,,,,,,,,,,
44-65,44,65,Recta,,,,,,,,,,,,,,,,,,,,,,,
44-66,44,66,Recta,,,,,,,,,,,,,,,,,,,,,,,
44-67,44,67,Recta,,,,,,,,,,,,,,,,,,,,,,,
44-68,44,68,Recta,,,,,,,,,,,,,,,,,,,,,,,
44-69,44,69,Recta,,,,,,,,,,,,,,,,,,,,,,,
44-70,44,70,Recta,,,,,,,,,,,,,,,,,,,,,,,
44-71,44,71,Recta,,,,,,,,,,,,,,,,,,,,,,,
44-72,44,72,Recta,,,,,,,,,,,,,,,,,,,,,,,
44-73,44,73,Recta,,,,,,,,,,,,,,,,,,,,,,,
44-74,44,74,Recta,,,,,,,,,,,,,,,,,,,,,,,
44-75,44,75,Recta,,,,,,,,,,,,,,,,,,,,,,,
44-76,44,76,Recta,,,,,,,,,,,,,,,,,,,,,,,
44-77,44,77,Recta,,,,,,,,,,,,,,,,,,,,,,,
44-78,44,78,Recta,,,,,,,,,,,,,,,,,,,,,,,
44-79,44,79,Recta,,,,,,,,,,,,,,,,,,,,,,,
44-80,44,80,Recta,,,,,,,,,,,,,,,,,,,,,,,
44-81,44,81,Recta,,,,,,,,,,,,,,,,,,,,,,,
44-82,44,82,Recta,,,,,,,,,,,,,,,,,,,,,,,
45-1,45,1,Recta,,,,,,,,,,,,,,,,,,,,,,,
45-2,45,2,Recta,,,,,,,,,,,,,,,,,,,,,,,
45-3,45,3,Recta,,,,,,,,,,,,,,,,,,,,,,,
45-4,45,4,Recta,,,,,,,,,,,,,,,,,,,,,,,
45-5,45,5,Recta,,,,,,,,,,,,,,,,,,,,,,,
45-6,45,6,Recta,,,,,,,,,,,,,,,,,,,,,,,
45-7,45,7,Recta,,,,,,,,,,,,,,,,,,,,,,,
45-8,45,8,Recta,,,,,,,,,,,,,,,,,,,,,,,
45-9,45,9,Recta,,,,,,,,,,,,,,,,,,,,,,,
45-10,45,10,Recta,,,,,,,,,,,,,,,,,,,,,,,
45-11,45,11,Recta,,,,,,,,,,,,,,,,,,,,,,,
45-12,45,12,Recta,,,,,,,,,,,,,,,,,,,,,,,
45-13,45,13,Recta,,,,,,,,,,,,,,,,,,,,,,,
45-14,45,14,Recta,,,,,,,,,,,,,,,,,,,,,,,
45-15,45,15,Recta,,,,,,,,,,,,,,,,,,,,,,,
45-16,45,16,Recta,,,,,,,,,,,,,,,,,,,,,,,
45-17,45,17,Recta,,,,,,,,,,,,,,,,,,,,,,,
45-18,45,18,Recta,,,,,,,,,,,,,,,,,,,,,,,
45-19,45,19,Recta,,,,,,,,,,,,,,,,,,,,,,,
45-20,45,20,Recta,,,,,,,,,,,,,,,,,,,,,,,
45-21,45,21,Recta,,,,,,,,,,,,,,,,,,,,,,,
45-22,45,22,Recta,,,,,,,,,,,,,,,,,,,,,,,
45-23,45,23,Recta,,,,,,,,,,,,,,,,,,,,,,,
45-24,45,24,Recta,,,,,,,,,,,,,,,,,,,,,,,
45-25,45,25,Recta,,,,,,,,,,,,,,,,,,,,,,,
45-26,45,26,Recta,,,,,,,,,,,,,,,,,,,,,,,
45-27,45,27,Recta,,,,,,,,,,,,,,,,,,,,,,,
45-28,45,28,Recta,,,,,,,,,,,,,,,,,,,,,,,
45-29,45,29,Recta,,,,,,,,,,,,,,,,,,,,,,,
45-30,45,30,Recta,,,,,,,,,,,,,,,,,,,,,,,
45-31,45,31,Recta,,,,,,,,,,,,,,,,,,,,,,,
45-32,45,32,Recta,,,,,,,,,,,,,,,,,,,,,,,
45-33,45,33,Recta,,,,,,,,,,,,,,,,,,,,,,,
45-34,45,34,Recta,,,,,,,,,,,,,,,,,,,,,,,
45-35,45,35,Recta,,,,,,,,,,,,,,,,,,,,,,,
45-36,45,36,Recta,,,,,,,,,,,,,,,,,,,,,,,
45-37,45,37,Recta,,,,,,,,,,,,,,,,,,,,,,,
45-38,45,38,Recta,,,,,,,,,,,,,,,,,,,,,,,
45-39,45,39,Recta,,,,,,,,,,,,,,,,,,,,,,,
45-40,45,40,Recta,,,,,,,,,,,,,,,,,,,,,,,
45-41,45,41,Recta,,,,,,,,,,,,,,,,,,,,,,,
45-42,45,42,Recta,,,,,,,,,,,,,,,,,,,,,,,
45-43,45,43,Recta,,,,,,,,,,,,,,,,,,,,,,,
45-44,45,44,Recta,,,,,,,,,,,,,,,,,,,,,,,
45-45,45,45,Recta,,,,,,,,,,,,,,,,,,,,,,,
45-47,45,47,Recta,,,,,,,,,,,,,,,,,,,,,,,
45-48,45,48,Recta,,,,,,,,,,,,,,,,,,,,,,,
45-49,45,49,Recta,,,,,,,,,,,,,,,,,,,,,,,
45-50,45,50,Recta,,,,,,,,,,,,,,,,,,,,,,,
45-51,45,51,Recta,,,,,,,,,,,,,,,,,,,,,,,
45-52,45,52,Recta,,,,,,,,,,,,,,,,,,,,,,,
45-53,45,53,Recta,,,,,,,,,,,,,,,,,,,,,,,
45-54,45,54,Recta,,,,,,,,,,,,,,,,,,,,,,,
45-55,45,55,Recta,,,,,,,,,,,,,,,,,,,,,,,
45-56,45,56,Recta,,,,,,,,,,,,,,,,,,,,,,,
45-57,45,57,Recta,,,,,,,,,,,,,,,,,,,,,,,
45-58,45,58,Recta,,,,,,,,,,,,,,,,,,,,,,,
45-59,45,59,Recta,,,,,,,,,,,,,,,,,,,,,,,
45-60,45,60,Recta,,,,,,,,,,,,,,,,,,,,,,,
45-61,45,61,Recta,,,,,,,,,,,,,,,,,,,,,,,
45-63,45,63,Recta,,,,,,,,,,,,,,,,,,,,,,,
45-64,45,64,Recta,,,,,,,,,,,,,,,,,,,,,,,
45-65,45,65,Recta,,,,,,,,,,,,,,,,,,,,,,,
45-66,45,66,Recta,,,,,,,,,,,,,,,,,,,,,,,
45-67,45,67,Recta,,,,,,,,,,,,,,,,,,,,,,,
45-68,45,68,Recta,,,,,,,,,,,,,,,,,,,,,,,
45-69,45,69,Recta,,,,,,,,,,,,,,,,,,,,,,,
45-70,45,70,Recta,,,,,,,,,,,,,,,,,,,,,,,
45-71,45,71,Recta,,,,,,,,,,,,,,,,,,,,,,,
45-72,45,72,Recta,,,,,,,,,,,,,,,,,,,,,,,
45-73,45,73,Recta,,,,,,,,,,,,,,,,,,,,,,,
45-74,45,74,Recta,,,,,,,,,,,,,,,,,,,,,,,
45-75,45,75,Recta,,,,,,,,,,,,,,,,,,,,,,,
45-76,45,76,Recta,,,,,,,,,,,,,,,,,,,,,,,
45-77,45,77,Recta,,,,,,,,,,,,,,,,,,,,,,,
45-78,45,78,Recta,,,,,,,,,,,,,,,,,,,,,,,
45-79,45,79,Recta,,,,,,,,,,,,,,,,,,,,,,,
45-80,45,80,Recta,,,,,,,,,,,,,,,,,,,,,,,
45-81,45,81,Recta,,,,,,,,,,,,,,,,,,,,,,,
45-82,45,82,Recta,,,,,,,,,,,,,,,,,,,,,,,
45-83,45,83,Recta,,,,,,,,,,,,,,,,,,,,,,,
45-84,45,84,Recta,,,,,,,,,,,,,,,,,,,,,,,
46-1,46,1,Recta,,,,,,,,,,,,,,,,,,,,,,,
46-2,46,2,Recta,,,,,,,,,,,,,,,,,,,,,,,
46-3,46,3,Recta,,,,,,,,,,,,,,,,,,,,,,,
46-4,46,4,Recta,,,,,,,,,,,,,,,,,,,,,,,
46-5,46,5,Recta,,,,,,,,,,,,,,,,,,,,,,,
46-6,46,6,Recta,,,,,,,,,,,,,,,,,,,,,,,
46-7,46,7,Recta,,,,,,,,,,,,,,,,,,,,,,,
46-8,46,8,Recta,,,,,,,,,,,,,,,,,,,,,,,
46-9,46,9,Recta,,,,,,,,,,,,,,,,,,,,,,,
46-10,46,10,Recta,,,,,,,,,,,,,,,,,,,,,,,
46-11,46,11,Recta,,,,,,,,,,,,,,,,,,,,,,,
46-12,46,12,Recta,,,,,,,,,,,,,,,,,,,,,,,
46-13,46,13,Recta,,,,,,,,,,,,,,,,,,,,,,,
46-14,46,14,Recta,,,,,,,,,,,,,,,,,,,,,,,
46-15,46,15,Recta,,,,Bueno,,Malo,,,Malo,Bueno,Bueno,Bueno,Bueno,Bueno,,,,,,,,,
46-16,46,16,Recta,,,,,,,,,,,,,,,,,,,,,,,
46-17,46,17,Recta,,,,,,,,,,,,,,,,,,,,,,,
46-18,46,18,Recta,,,,,,,,,,,,,,,,,,,,,,,
46-19,46,19,Recta,,,,,,,,,,,,,,,,,,,,,,,
46-20,46,20,Recta,,,,,,,,,,,,,,,,,,,,,,,
46-21,46,21,Recta,,,,,,,,,,,,,,,,,,,,,,,
46-22,46,22,Recta,,,,,,,,,,,,,,,,,,,,,,,
46-23,46,23,Recta,,,,,,,,,,,,,,,,,,,,,,,
46-24,46,24,Recta,,,,,,,,,,,,,,,,,,,,,,,
46-25,46,25,Recta,,,,,,,,,,,,,,,,,,,,,,,
46-26,46,26,Recta,,,,,,,,,,,,,,,,,,,,,,,
46-27,46,27,Recta,,,,,,,,,,,,,,,,,,,,,,,
46-28,46,28,Recta,,,,,,,,,,,,,,,,,,,,,,,
46-29,46,29,Recta,,,,,,,,,,,,,,,,,,,,,,,
46-30,46,30,Recta,,,,,,,,,,,,,,,,,,,,,,,
46-31,46,31,Recta,,,,,,,,,,,,,,,,,,,,,,,
46-32,46,32,Recta,,,,,,,,,,,,,,,,,,,,,,,
46-33,46,33,Recta,,,,,,,,,,,,,,,,,,,,,,,
46-34,46,34,Recta,,,,,,,,,,,,,,,,,,,,,,,
46-35,46,35,Recta,,,,,,,,,,,,,,,,,,,,,,,
46-36,46,36,Recta,,,,,,,,,,,,,,,,,,,,,,,
46-37,46,37,Recta,,,,,,,,,,,,,,,,,,,,,,,
46-38,46,38,Recta,,,,,,,,,,,,,,,,,,,,,,,
46-39,46,39,Recta,,,,,,,,,,,,,,,,,,,,,,,
46-40,46,40,Recta,,,,,,,,,,,,,,,,,,,,,,,
46-41,46,41,Recta,,,,,,,,,,,,,,,,,,,,,,,
46-42,46,42,Recta,,,,,,,,,,,,,,,,,,,,,,,
46-43,46,43,Recta,,,,,,,,,,,,,,,,,,,,,,,
46-44,46,44,Recta,,,,,,,,,,,,,,,,,,,,,,,
46-45,46,45,Recta,,,,,,,,,,,,,,,,,,,,,,,
46-46,46,46,Recta,,,,,,,,,,,,,,,,,,,,,,,
46-47,46,47,Recta,,,,,,,,,,,,,,,,,,,,,,,
46-48,46,48,Recta,,,,,,,,,,,,,,,,,,,,,,,
46-49,46,49,Recta,,,,,,,,,,,,,,,,,,,,,,,
46-50,46,50,Recta,,,,,,,,,,,,,,,,,,,,,,,
46-51,46,51,Recta,,,,,,,,,,,,,,,,,,,,,,,
46-52,46,52,Recta,,,,,,,,,,,,,,,,,,,,,,,
46-53,46,53,Recta,,,,,,,,,,,,,,,,,,,,,,,
46-54,46,54,Recta,,,,,,,,,,,,,,,,,,,,,,,
46-55,46,55,Recta,,,,,,,,,,,,,,,,,,,,,,,
46-56,46,56,Recta,,,,,,,,,,,,,,,,,,,,,,,
46-57,46,57,Recta,,,,,,,,,,,,,,,,,,,,,,,
46-58,46,58,Recta,,,,,,,,,,,,,,,,,,,,,,,
46-59,46,59,Recta,,,,,,,,,,,,,,,,,,,,,,,
46-60,46,60,Recta,,,,,,,,,,,,,,,,,,,,,,,
46-61,46,61,Recta,,,,,,,,,,,,,,,,,,,,,,,
46-62,46,62,Recta,,,,,,,,,,,,,,,,,,,,,,,
46-63,46,63,Recta,,,,,,,,,,,,,,,,,,,,,,,
46-64,46,64,Recta,,,,,,,,,,,,,,,,,,,,,,,
46-65,46,65,Recta,,,,,,,,,,,,,,,,,,,,,,,
46-66,46,66,Recta,,,,,,,,,,,,,,,,,,,,,,,
46-67,46,67,Recta,,,,,,,,,,,,,,,,,,,,,,,
46-68,46,68,Recta,,,,,,,,,,,,,,,,,,,,,,,
46-69,46,69,Recta,,,,,,,,,,,,,,,,,,,,,,,
46-70,46,70,Recta,,,,,,,,,,,,,,,,,,,,,,,
46-71,46,71,Recta,,,,,,,,,,,,,,,,,,,,,,,
46-72,46,72,Recta,,,,,,,,,,,,,,,,,,,,,,,
46-73,46,73,Recta,,,,,,,,,,,,,,,,,,,,,,,
46-74,46,74,Recta,,,,,,,,,,,,,,,,,,,,,,,
46-75,46,75,Recta,,,,,,,,,,,,,,,,,,,,,,,
46-76,46,76,Recta,,,,,,,,,,,,,,,,,,,,,,,
46-77,46,77,Recta,,,,,,,,,,,,,,,,,,,,,,,
46-78,46,78,Recta,,,,,,,,,,,,,,,,,,,,,,,
46-79,46,79,Recta,,,,,,,,,,,,,,,,,,,,,,,
46-80,46,80,Recta,,,,,,,,,,,,,,,,,,,,,,,
46-81,46,81,Recta,,,,,,,,,,,,,,,,,,,,,,,
46-82,46,82,Recta,,,,,,,,,,,,,,,,,,,,,,,
46-83,46,83,Recta,,,,,,,,,,,,,,,,,,,,,,,
46-84,46,84,Recta,,,,,,,,,,,,,,,,,,,,,,,
47-1,47,1,Recta,,,,,,,,,,,,,,,,,,,,,,,
47-2,47,2,Recta,,,,,,,,,,,,,,,,,,,,,,,
47-3,47,3,Recta,,,,,,,,,,,,,,,,,,,,,,,
47-4,47,4,Recta,,,,,,,,,,,,,,,,,,,,,,,
47-5,47,5,Recta,,,,,,,,,,,,,,,,,,,,,,,
47-6,47,6,Recta,,,,,,,,,,,,,,,,,,,,,,,
47-7,47,7,Recta,,,,,,,,,,,,,,,,,,,,,,,
47-8,47,8,Recta,,,,,,,,,,,,,,,,,,,,,,,
47-9,47,9,Recta,,,,,,,,,,,,,,,,,,,,,,,
47-10,47,10,Recta,,,,,,,,,,,,,,,,,,,,,,,
47-11,47,11,Recta,,,,,,,,,,,,,,,,,,,,,,,
47-12,47,12,Recta,,,,,,,,,,,,,,,,,,,,,,,
47-13,47,13,Recta,,,,,,,,,,,,,,,,,,,,,,,
47-14,47,14,Recta,,,,,,,,,,,,,,,,,,,,,,,
47-15,47,15,Recta,,,,,,,,,,,,,,,,,,,,,,,
47-16,47,16,Recta,,,,,,,,,,,,,,,,,,,,,,,
47-17,47,17,Recta,,,,,,,,,,,,,,,,,,,,,,,
47-18,47,18,Recta,,,,,,,,,,,,,,,,,,,,,,,
47-19,47,19,Recta,,,,,,,,,,,,,,,,,,,,,,,
47-20,47,20,Recta,,,,,,,,,,,,,,,,,,,,,,,
47-21,47,21,Recta,,,,,,,,,,,,,,,,,,,,,,,
47-22,47,22,Recta,,,,,,,,,,,,,,,,,,,,,,,
47-23,47,23,Recta,,,,,,,,,,,,,,,,,,,,,,,
47-24,47,24,Recta,,,,,,,,,,,,,,,,,,,,,,,
47-25,47,25,Recta,,,,,,,,,,,,,,,,,,,,,,,
47-26,47,26,Recta,,,,,,,,,,,,,,,,,,,,,,,
47-27,47,27,Recta,,,,,,,,,,,,,,,,,,,,,,,
47-28,47,28,Recta,,,,,,,,,,,,,,,,,,,,,,,
47-29,47,29,Recta,,,,,,,,,,,,,,,,,,,,,,,
47-30,47,30,Recta,,,,,,,,,,,,,,,,,,,,,,,
47-31,47,31,Recta,,,,,,,,,,,,,,,,,,,,,,,
47-32,47,32,Recta,,,,,,,,,,,,,,,,,,,,,,,
47-33,47,33,Recta,,,,,,,,,,,,,,,,,,,,,,,
47-34,47,34,Recta,,,,,,,,,,,,,,,,,,,,,,,
47-35,47,35,Recta,,,,,,,,,,,,,,,,,,,,,,,
47-36,47,36,Recta,,,,,,,,,,,,,,,,,,,,,,,
47-37,47,37,Recta,,,,,,,,,,,,,,,,,,,,,,,
47-38,47,38,Recta,,,,,,,,,,,,,,,,,,,,,,,
47-39,47,39,Recta,,,,,,,,,,,,,,,,,,,,,,,
47-40,47,40,Recta,,,,,,,,,,,,,,,,,,,,,,,
47-41,47,41,Recta,,,,,,,,,,,,,,,,,,,,,,,
47-42,47,42,Recta,,,,,,,,,,,,,,,,,,,,,,,
47-43,47,43,Recta,,,,,,,,,,,,,,,,,,,,,,,
47-44,47,44,Recta,,,,,,,,,,,,,,,,,,,,,,,
47-45,47,45,Recta,,,,,,,,,,,,,,,,,,,,,,,
47-46,47,46,Recta,,,,,,,,,,,,,,,,,,,,,,,
47-47,47,47,Recta,,,,,,,,,,,,,,,,,,,,,,,
47-48,47,48,Recta,,,,,,,,,,,,,,,,,,,,,,,
47-49,47,49,Recta,,,,,,,,,,,,,,,,,,,,,,,
47-50,47,50,Recta,,,,,,,,,,,,,,,,,,,,,,,
47-51,47,51,Recta,,,,,,,,,,,,,,,,,,,,,,,
47-52,47,52,Recta,,,,,,,,,,,,,,,,,,,,,,,
47-53,47,53,Recta,,,,,,,,,,,,,,,,,,,,,,,
47-54,47,54,Recta,,,,,,,,,,,,,,,,,,,,,,,
47-55,47,55,Recta,,,,,,,,,,,,,,,,,,,,,,,
47-56,47,56,Recta,,,,,,,,,,,,,,,,,,,,,,,
47-57,47,57,Recta,,,,,,,,,,,,,,,,,,,,,,,
47-58,47,58,Recta,,,,,,,,,,,,,,,,,,,,,,,
47-59,47,59,Recta,,,,,,,,,,,,,,,,,,,,,,,
47-60,47,60,Recta,,,,,,,,,,,,,,,,,,,,,,,
47-61,47,61,Recta,,,,,,,,,,,,,,,,,,,,,,,
47-62,47,62,Recta,,,,,,,,,,,,,,,,,,,,,,,
47-63,47,63,Recta,,,,,,,,,,,,,,,,,,,,,,,
47-64,47,64,Recta,,,,,,,,,,,,,,,,,,,,,,,
47-65,47,65,Recta,,,,,,,,,,,,,,,,,,,,,,,
47-66,47,66,Recta,,,,,,,,,,,,,,,,,,,,,,,
47-67,47,67,Recta,,,,,,,,,,,,,,,,,,,,,,,
47-68,47,68,Recta,,,,,,,,,,,,,,,,,,,,,,,
47-69,47,69,Recta,,,,,,,,,,,,,,,,,,,,,,,
47-70,47,70,Recta,,,,,,,,,,,,,,,,,,,,,,,
47-71,47,71,Recta,,,,,,,,,,,,,,,,,,,,,,,
47-72,47,72,Recta,,,,,,,,,,,,,,,,,,,,,,,
47-73,47,73,Recta,,,,,,,,,,,,,,,,,,,,,,,
47-74,47,74,Recta,,,,,,,,,,,,,,,,,,,,,,,
47-75,47,75,Recta,,,,,,,,,,,,,,,,,,,,,,,
47-76,47,76,Recta,,,,,,,,,,,,,,,,,,,,,,,
47-77,47,77,Recta,,,,,,,,,,,,,,,,,,,,,,,
47-78,47,78,Recta,,,,,,,,,,,,,,,,,,,,,,,
47-79,47,79,Recta,,,,,,,,,,,,,,,,,,,,,,,
47-80,47,80,Recta,,,,,,,,,,,,,,,,,,,,,,,
47-81,47,81,Recta,,,,,,,,,,,,,,,,,,,,,,,
47-82,47,82,Recta,,,,,,,,,,,,,,,,,,,,,,,
47-83,47,83,Recta,,,,,,,,,,,,,,,,,,,,,,,
47-84,47,84,Recta,,,,,,,,,,,,,,,,,,,,,,,
48-1,48,1,Recta,,,,,,,,,,,,,,,,,,,,,,,
48-2,48,2,Recta,,,,,,,,,,,,,,,,,,,,,,,
48-3,48,3,Recta,,,,,,,,,,,,,,,,,,,,,,,
48-4,48,4,Recta,,,,,,,,,,,,,,,,,,,,,,,
48-5,48,5,Recta,,,,,,,,,,,,,,,,,,,,,,,
48-6,48,6,Recta,,,,,,,,,,,,,,,,,,,,,,,
48-7,48,7,Recta,,,,,,,,,,,,,,,,,,,,,,,
48-8,48,8,Recta,,,,,,,,,,,,,,,,,,,,,,,
48-9,48,9,Recta,,,,,,,,,,,,,,,,,,,,,,,
48-10,48,10,Recta,,,,,,,,,,,,,,,,,,,,,,,
48-11,48,11,Recta,,,,,,,,,,,,,,,,,,,,,,,
48-12,48,12,Recta,,,,,,,,,,,,,,,,,,,,,,,
48-13,48,13,Recta,,,,,,,,,,,,,,,,,,,,,,,
48-14,48,14,Recta,,,,,,,,,,,,,,,,,,,,,,,
48-15,48,15,Recta,,,,,,,,,,,,,,,,,,,,,,,
48-16,48,16,Recta,,,,,,,,,,,,,,,,,,,,,,,
48-17,48,17,Recta,,,,,,,,,,,,,,,,,,,,,,,
48-18,48,18,Recta,,,,,,,,,,,,,,,,,,,,,,,
48-19,48,19,Recta,,,,,,,,,,,,,,,,,,,,,,,
48-20,48,20,Recta,,,,,,,,,,,,,,,,,,,,,,,
48-21,48,21,Recta,,,,,,,,,,,,,,,,,,,,,,,
48-22,48,22,Recta,,,,,,,,,,,,,,,,,,,,,,,
48-23,48,23,Recta,,,,,,,,,,,,,,,,,,,,,,,
48-24,48,24,Recta,,,,,,,,,,,,,,,,,,,,,,,
48-25,48,25,Recta,,,,,,,,,,,,,,,,,,,,,,,
48-26,48,26,Recta,,,,,,,,,,,,,,,,,,,,,,,
48-27,48,27,Recta,,,,,,,,,,,,,,,,,,,,,,,
48-28,48,28,Recta,,,,,,,,,,,,,,,,,,,,,,,
48-29,48,29,Recta,,,,,,,,,,,,,,,,,,,,,,,
48-30,48,30,Recta,,,,,,,,,,,,,,,,,,,,,,,
48-31,48,31,Recta,,,,,,,,,,,,,,,,,,,,,,,
48-32,48,32,Recta,,,,,,,,,,,,,,,,,,,,,,,
48-33,48,33,Recta,,,,,,,,,,,,,,,,,,,,,,,
48-34,48,34,Recta,,,,,,,,,,,,,,,,,,,,,,,
48-35,48,35,Recta,,,,,,,,,,,,,,,,,,,,,,,
48-39,48,39,Recta,,,,,,,,,,,,,,,,,,,,,,,
48-40,48,40,Recta,,,,,,,,,,,,,,,,,,,,,,,
48-41,48,41,Recta,,,,,,,,,,,,,,,,,,,,,,,
48-42,48,42,Recta,,,,,,,,,,,,,,,,,,,,,,,
48-43,48,43,Recta,,,,,,,,,,,,,,,,,,,,,,,
48-44,48,44,Recta,,,,,,,,,,,,,,,,,,,,,,,
48-45,48,45,Recta,,,,,,,,,,,,,,,,,,,,,,,
48-46,48,46,Principio Curva > 1000,,,,,,,,,,,,,,,,,,,,,,,
48-47,48,47,Curva > 1000,,,,,,,,,,,,,,,,,,,,,,,
48-48,48,48,Curva > 1000,,,,,,,,,,,,,,,,,,,,,,,
48-49,48,49,Curva > 1000,,,,,,,,,,,,,,,,,,,,,,,
48-50,48,50,Curva > 1000,,,,,,,,,,,,,,,,,,,,,,,
48-51,48,51,Curva > 1000,,,,,,,,,,,,,,,,,,,,,,,
48-52,48,52,Curva > 1000,,,,,,,,,,,,,,,,,,,,,,,
48-53,48,53,Principio Curva Circular > 1000,,,,,,,,,,,,,,,,,,,,,,,
48-54,48,54,Curva > 1000,,,,,,,,,,,,,,,,,,,,,,,
48-55,48,55,Curva > 1000,,,,,,,,,,,,,,,,,,,,,,,
48-56,48,56,Curva > 1000,,,,,,,,,,,,,,,,,,,,,,,
48-57,48,57,Curva > 1000,,,,,,,,,,,,,,,,,,,,,,,
48-58,48,58,Curva > 1000,,,,,,,,,,,,,,,,,,,,,,,
48-59,48,59,Curva > 1000,,,,,,,,,,,,,,,,,,,,,,,
48-60,48,60,Curva > 1000,,,,,,,,,,,,,,,,,,,,,,,
48-61,48,61,Curva > 1000,,,,,,,,,,,,,,,,,,,,,,,
48-62,48,62,Curva > 1000,,,,,,,,,,,,,,,,,,,,,,,
48-63,48,63,Curva > 1000,,,,,,,,,,,,,,,,,,,,,,,
48-64,48,64,Curva > 1000,,,,,,,,,,,,,,,,,,,,,,,
48-65,48,65,Curva > 1000,,,,,,,,,,,,,,,,,,,,,,,
48-66,48,66,Curva > 1000,,,,,,,,,,,,,,,,,,,,,,,
48-67,48,67,Curva > 1000,,,,,,,,,,,,,,,,,,,,,,,
48-68,48,68,Curva > 1000,,,,,,,,,,,,,,,,,,,,,,,
48-69,48,69,Curva > 1000,,,,,,,,,,,,,,,,,,,,,,,
48-70,48,70,Curva > 1000,,,,,,,,,,,,,,,,,,,,,,,
48-71,48,71,Curva > 1000,,,,,,,,,,,,,,,,,,,,,,,
48-72,48,72,Curva > 1000,,,,,,,,,,,,,,,,,,,,,,,
48-73,48,73,Curva > 1000,,,,,,,,,,,,,,,,,,,,,,,
48-74,48,74,Curva > 1000,,,,,,,,,,,,,,,,,,,,,,,
48-75,48,75,Curva > 1000,,,,,,,,,,,,,,,,,,,,,,,
48-76,48,76,Curva > 1000,,,,,,,,,,,,,,,,,,,,,,,
48-77,48,77,Curva > 1000,,,,,,,,,,,,,,,,,,,,,,,
48-78,48,78,Curva > 1000,,,,,,,,,,,,,,,,,,,,,,,
48-79,48,79,Curva > 1000,,,,,,,,,,,,,,,,,,,,,,,
48-80,48,80,Curva > 1000,,,,,,,,,,,,,,,,,,,,,,,
48-81,48,81,Curva > 1000,,,,,,,,,,,,,,,,,,,,,,,
48-82,48,82,Curva > 1000,,,,,,,,,,,,,,,,,,,,,,,
48-83,48,83,Curva > 1000,,,,,,,,,,,,,,,,,,,,,,,
48-84,48,84,Curva > 1000,,,,,,,,,,,,,,,,,,,,,,,
49-1,49,1,Curva > 1000,,,,,,,,,,,,,,,,,,,,,,,
49-2,49,2,Curva > 1000,,,,,,,,,,,,,,,,,,,,,,,
49-5,49,5,Curva > 1000,,,,,,,,,,,,,,,,,,,,,,,
49-6,49,6,Curva > 1000,,,,,,,,,,,,,,,,,,,,,,,
49-7,49,7,Curva > 1000,,,,,,,,,,,,,,,,,,,,,,,
49-8,49,8,Curva > 1000,,,,,,,,,,,,,,,,,,,,,,,
49-9,49,9,Curva > 1000,,,,,,,,,,,,,,,,,,,,,,,
49-10,49,10,Curva > 1000,,,,,,,,,,,,,,,,,,,,,,,
49-11,49,11,Curva > 1000,,,,,,,,,,,,,,,,,,,,,,,
49-12,49,12,Curva > 1000,,,,,,,,,,,,,,,,,,,,,,,
49-13,49,13,Curva > 1000,,,,,,,,,,,,,,,,,,,,,,,
49-14,49,14,Curva > 1000,,,,,,,,,,,,,,,,,,,,,,,
49-15,49,15,Fin Curva Circular > 1000,,,,,,,,,,,,,,,,,,,,,,,
49-16,49,16,Curva > 1000,,,,,,,,,,,,,,,,,,,,,,,
49-17,49,17,Curva > 1000,,,,,,,,,,,,,,,,,,,,,,,
49-18,49,18,Curva > 1000,,,,,,,,,,,,,,,,,,,,,,,
49-19,49,19,Curva > 1000,,,,,,,,,,,,,,,,,,,,,,,
49-20,49,20,Curva > 1000,,,,,,,,,,,,,,,,,,,,,,,
49-21,49,21,Fin Curva > 1000,,,,,,,,,,,,,,,,,,,,,,,
49-22,49,22,Recta,,,,,,,,,,,,,,,,,,,,,,,
49-23,49,23,Recta,,,,,,,,,,,,,,,,,,,,,,,
49-24,49,24,Recta,,,,,,,,,,,,,,,,,,,,,,,
49-25,49,25,Recta,,,,,,,,,,,,,,,,,,,,,,,
49-26,49,26,Recta,,,,,,,,,,,,,,,,,,,,,,,
49-27,49,27,Recta,,,,,,,,,,,,,,,,,,,,,,,
49-28,49,28,Recta,,,,,,,,,,,,,,,,,,,,,,,
49-29,49,29,Recta,,,,,,,,,,,,,,,,,,,,,,,
49-30,49,30,Recta,,,,,,,,,,,,,,,,,,,,,,,
49-31,49,31,Recta,,,,,,,,,,,,,,,,,,,,,,,
49-32,49,32,Recta,,,,,,,,,,,,,,,,,,,,,,,
49-33,49,33,Recta,,,,,,,,,,,,,,,,,,,,,,,
49-34,49,34,Recta,,,,,,,,,,,,,,,,,,,,,,,
49-35,49,35,Recta,,,,,,,,,,,,,,,,,,,,,,,
49-36,49,36,Recta,,,,,,,,,,,,,,,,,,,,,,,
49-37,49,37,Recta,,,,,,,,,,,,,,,,,,,,,,,
49-38,49,38,Recta,,,,,,,,,,,,,,,,,,,,,,,
49-39,49,39,Recta,,,,,,,,,,,,,,,,,,,,,,,
49-40,49,40,Recta,,,,,,,,,,,,,,,,,,,,,,,
49-41,49,41,Recta,,,,,,,,,,,,,,,,,,,,,,,
49-42,49,42,Recta,,,,,,,,,,,,,,,,,,,,,,,
49-43,49,43,Recta,,,,,,,,,,,,,,,,,,,,,,,
49-44,49,44,Recta,,,,,,,,,,,,,,,,,,,,,,,
49-45,49,45,Recta,,,,,,,,,,,,,,,,,,,,,,,
49-46,49,46,Recta,,,,,,,,,,,,,,,,,,,,,,,
49-47,49,47,Recta,,,,,,,,,,,,,,,,,,,,,,,
49-48,49,48,Recta,,,,,,,,,,,,,,,,,,,,,,,
49-49,49,49,Recta,,,,,,,,,,,,,,,,,,,,,,,
49-50,49,50,Recta,,,,,,,,,,,,,,,,,,,,,,,
49-51,49,51,Recta,,,,,,,,,,,,,,,,,,,,,,,
49-52,49,52,Recta,,,,,,,,,,,,,,,,,,,,,,,
49-53,49,53,Recta,,,,,,,,,,,,,,,,,,,,,,,
49-54,49,54,Recta,,,,,,,,,,,,,,,,,,,,,,,
49-55,49,55,Recta,,,,,,,,,,,,,,,,,,,,,,,
49-56,49,56,Recta,,,,,,,,,,,,,,,,,,,,,,,
49-57,49,57,Recta,,,,,,,,,,,,,,,,,,,,,,,
49-58,49,58,Recta,,,,,,,,,,,,,,,,,,,,,,,
49-59,49,59,Recta,,,,,,,,,,,,,,,,,,,,,,,
49-60,49,60,Recta,,,,,,,,,,,,,,,,,,,,,,,
49-61,49,61,Recta,,,,,,,,,,,,,,,,,,,,,,,
49-62,49,62,Recta,,,,,,,,,,,,,,,,,,,,,,,
49-63,49,63,Recta,,,,,,,,,,,,,,,,,,,,,,,
49-64,49,64,Recta,,,,,,,,,,,,,,,,,,,,,,,
49-65,49,65,Recta,,,,,,,,,,,,,,,,,,,,,,,
49-66,49,66,Recta,,,,,,,,,,,,,,,,,,,,,,,
49-67,49,67,Recta,,,,,,,,,,,,,,,,,,,,,,,
49-68,49,68,Recta,,,,,,,,,,,,,,,,,,,,,,,
49-69,49,69,Recta,,,,,,,,,,,,,,,,,,,,,,,
49-70,49,70,Recta,,,,,,,,,,,,,,,,,,,,,,,
49-71,49,71,Recta,,,,,,,,,,,,,,,,,,,,,,,
49-72,49,72,Recta,,,,,,,,,,,,,,,,,,,,,,,
49-73,49,73,Recta,,,,,,,,,,,,,,,,,,,,,,,
49-74,49,74,Recta,,,,,,,,,,,,,,,,,,,,,,,
49-75,49,75,Recta,,,,,,,,,,,,,,,,,,,,,,,
49-76,49,76,Recta,,,,,,,,,,,,,,,,,,,,,,,
49-77,49,77,Recta,,,,,,,,,,,,,,,,,,,,,,,
49-78,49,78,Recta,,,,,,,,,,,,,,,,,,,,,,,
49-79,49,79,Recta,,,,,,,,,,,,,,,,,,,,,,,
49-80,49,80,Recta,,,,,,,,,,,,,,,,,,,,,,,
49-81,49,81,Recta,,,,,,,,,,,,,,,,,,,,,,,
49-82,49,82,Recta,,,,,,,,,,,,,,,,,,,,,,,
49-83,49,83,Recta,,,,,,,,,,,,,,,,,,,,,,,
49-84,49,84,Recta,,,,,,,,,,,,,,,,,,,,,,,
50-1,50,1,Recta,,,,,,,,,,,,,,,,,,,,,,,
50-2,50,2,Recta,,,,,,,,,,,,,,,,,,,,,,,
50-3,50,3,Recta,,,,,,,,,,,,,,,,,,,,,,,
50-4,50,4,Recta,,,,,,,,,,,,,,,,,,,,,,,
50-5,50,5,Recta,,,,,,,,,,,,,,,,,,,,,,,
50-6,50,6,Recta,,,,,,,,,,,,,,,,,,,,,,,
50-7,50,7,Recta,,,,,,,,,,,,,,,,,,,,,,,
50-8,50,8,Recta,,,,,,,,,,,,,,,,,,,,,,,
50-9,50,9,Recta,,,,,,,,,,,,,,,,,,,,,,,
50-10,50,10,Recta,,,,,,,,,,,,,,,,,,,,,,,
50-11,50,11,Recta,,,,,,,,,,,,,,,,,,,,,,,
50-12,50,12,Recta,,,,,,,,,,,,,,,,,,,,,,,
50-13,50,13,Recta,,,,,,,,,,,,,,,,,,,,,,,
50-14,50,14,Recta,,,,,,,,,,,,,,,,,,,,,,,
50-15,50,15,Recta,,,,,,,,,,,,,,,,,,,,,,,
50-16,50,16,Recta,,,,,,,,,,,,,,,,,,,,,,,
50-17,50,17,Recta,,,,,,,,,,,,,,,,,,,,,,,
50-18,50,18,Recta,,,,,,,,,,,,,,,,,,,,,,,
50-19,50,19,Recta,,,,,,,,,,,,,,,,,,,,,,,
50-20,50,20,Recta,,,,,,,,,,,,,,,,,,,,,,,
50-21,50,21,Recta,,,,,,,,,,,,,,,,,,,,,,,
50-22,50,22,Recta,,,,,,,,,,,,,,,,,,,,,,,
50-23,50,23,Recta,,,,,,,,,,,,,,,,,,,,,,,
50-24,50,24,Recta,,,,,,,,,,,,,,,,,,,,,,,
50-25,50,25,Recta,,,,,,,,,,,,,,,,,,,,,,,
50-26,50,26,Recta,,,,,,,,,,,,,,,,,,,,,,,
50-27,50,27,Recta,,,,,,,,,,,,,,,,,,,,,,,
50-28,50,28,Recta,,,,,,,,,,,,,,,,,,,,,,,
50-29,50,29,Recta,,,,,,,,,,,,,,,,,,,,,,,
50-30,50,30,Recta,,,,,,,,,,,,,,,,,,,,,,,
50-31,50,31,Recta,,,,,,,,,,,,,,,,,,,,,,,
50-32,50,32,Recta,,,,,,,,,,,,,,,,,,,,,,,
50-33,50,33,Recta,,,,,,,,,,,,,,,,,,,,,,,
50-34,50,34,Recta,,,,,,,,,,,,,,,,,,,,,,,
50-35,50,35,Recta,,,,,,,,,,,,,,,,,,,,,,,
50-36,50,36,Recta,,,,,,,,,,,,,,,,,,,,,,,
50-37,50,37,Recta,,,,,,,,,,,,,,,,,,,,,,,
50-38,50,38,Recta,,,,,,,,,,,,,,,,,,,,,,,
50-39,50,39,Recta,,,,,,,,,,,,,,,,,,,,,,,
50-40,50,40,Recta,,,,,,,,,,,,,,,,,,,,,,,
50-41,50,41,Recta,,,,,,,,,,,,,,,,,,,,,,,
50-42,50,42,Recta,,,,,,,,,,,,,,,,,,,,,,,
50-43,50,43,Recta,,,,,,,,,,,,,,,,,,,,,,,
50-44,50,44,Recta,,,,,,,,,,,,,,,,,,,,,,,
50-45,50,45,Recta,,,,,,,,,,,,,,,,,,,,,,,
50-46,50,46,Recta,,,,,,,,,,,,,,,,,,,,,,,
50-47,50,47,Recta,,,,,,,,,,,,,,,,,,,,,,,
50-48,50,48,Recta,,,,,,,,,,,,,,,,,,,,,,,
50-49,50,49,Recta,,,,,,,,,,,,,,,,,,,,,,,
50-50,50,50,Recta,,,,,,,,,,,,,,,,,,,,,,,
50-51,50,51,Recta,,,,,,,,,,,,,,,,,,,,,,,
50-52,50,52,Recta,,,,,,,,,,,,,,,,,,,,,,,
50-53,50,53,Recta,,,,,,,,,,,,,,,,,,,,,,,
50-54,50,54,Recta,,,,,,,,,,,,,,,,,,,,,,,
50-55,50,55,Recta,,,,,,,,,,,,,,,,,,,,,,,
50-56,50,56,Recta,,,,,,,,,,,,,,,,,,,,,,,
50-57,50,57,Recta,,,,,,,,,,,,,,,,,,,,,,,
50-58,50,58,Recta,,,,,,,,,,,,,,,,,,,,,,,
50-59,50,59,Recta,,,,,,,,,,,,,,,,,,,,,,,
50-60,50,60,Recta,,,,,,,,,,,,,,,,,,,,,,,
50-61,50,61,Recta,,,,,,,,,,,,,,,,,,,,,,,
50-62,50,62,Recta,,,,,,,,,,,,,,,,,,,,,,,
50-63,50,63,Recta,,,,,,,,,,,,,,,,,,,,,,,
50-64,50,64,Recta,,,,,,,,,,,,,,,,,,,,,,,
50-65,50,65,Recta,,,,,,,,,,,,,,,,,,,,,,,
50-66,50,66,Recta,,,,,,,,,,,,,,,,,,,,,,,
50-67,50,67,Recta,,,,,,,,,,,,,,,,,,,,,,,
50-68,50,68,Recta,,,,,,,,,,,,,,,,,,,,,,,
50-69,50,69,Recta,,,,,,,,,,,,,,,,,,,,,,,
50-70,50,70,Recta,,,,,,,,,,,,,,,,,,,,,,,
50-71,50,71,Recta,,,,,,,,,,,,,,,,,,,,,,,
50-72,50,72,Recta,,,,,,,,,,,,,,,,,,,,,,,
50-73,50,73,Recta,,,,,,,,,,,,,,,,,,,,,,,
50-74,50,74,Recta,,,,,,,,,,,,,,,,,,,,,,,
50-75,50,75,Recta,,,,,,,,,,,,,,,,,,,,,,,
50-76,50,76,Recta,,,,,,,,,,,,,,,,,,,,,,,
50-77,50,77,Recta,,,,,,,,,,,,,,,,,,,,,,,
50-78,50,78,Recta,,,,,,,,,,,,,,,,,,,,,,,
50-79,50,79,Recta,,,,,,,,,,,,,,,,,,,,,,,
50-80,50,80,Recta,,,,,,,,,,,,,,,,,,,,,,,
50-81,50,81,Recta,,,,,,,,,,,,,,,,,,,,,,,
50-82,50,82,Recta,,,,,,,,,,,,,,,,,,,,,,,
50-83,50,83,Recta,,,,,,,,,,,,,,,,,,,,,,,
50-84,50,84,Recta,,,,,,,,,,,,,,,,,,,,,,,
51-1,51,1,Recta,,,,,,,,,,,,,,,,,,,,,,,
51-2,51,2,Recta,,,,,,,,,,,,,,,,,,,,,,,
51-3,51,3,Recta,,,,,,,,,,,,,,,,,,,,,,,
51-4,51,4,Recta,,,,,,,,,,,,,,,,,,,,,,,
51-5,51,5,Recta,,,,,,,,,,,,,,,,,,,,,,,
51-6,51,6,Recta,,,,,,,,,,,,,,,,,,,,,,,
51-7,51,7,Recta,,,,,,,,,,,,,,,,,,,,,,,
51-8,51,8,Recta,,,,,,,,,,,,,,,,,,,,,,,
51-9,51,9,Recta,,,,,,,,,,,,,,,,,,,,,,,
51-10,51,10,Recta,,,,,,,,,,,,,,,,,,,,,,,
51-11,51,11,Recta,,,,,,,,,,,,,,,,,,,,,,,
51-12,51,12,Recta,,,,,,,,,,,,,,,,,,,,,,,
51-13,51,13,Recta,,,,,,,,,,,,,,,,,,,,,,,
51-14,51,14,Recta,,,,,,,,,,,,,,,,,,,,,,,
51-15,51,15,Recta,,,,,,,,,,,,,,,,,,,,,,,
51-16,51,16,Recta,,,,,,,,,,,,,,,,,,,,,,,
51-17,51,17,Recta,,,,,,,,,,,,,,,,,,,,,,,
51-18,51,18,Recta,,,,,,,,,,,,,,,,,,,,,,,
51-19,51,19,Recta,,,,,,,,,,,,,,,,,,,,,,,
51-20,51,20,Recta,,,,,,,,,,,,,,,,,,,,,,,
51-21,51,21,Recta,,,,,,,,,,,,,,,,,,,,,,,
51-22,51,22,Recta,,,,,,,,,,,,,,,,,,,,,,,
51-23,51,23,Recta,,,,,,,,,,,,,,,,,,,,,,,
51-24,51,24,Recta,,,,,,,,,,,,,,,,,,,,,,,
51-25,51,25,Recta,,,,,,,,,,,,,,,,,,,,,,,
51-26,51,26,Recta,,,,,,,,,,,,,,,,,,,,,,,
51-27,51,27,Recta,,,,,,,,,,,,,,,,,,,,,,,
51-28,51,28,Recta,,,,,,,,,,,,,,,,,,,,,,,
51-29,51,29,Recta,,,,,,,,,,,,,,,,,,,,,,,
51-30,51,30,Recta,,,,,,,,,,,,,,,,,,,,,,,
51-31,51,31,Recta,,,,,,,,,,,,,,,,,,,,,,,
51-32,51,32,Recta,,,,,,,,,,,,,,,,,,,,,,,
51-33,51,33,Recta,,,,,,,,,,,,,,,,,,,,,,,
51-34,51,34,Recta,,,,,,,,,,,,,,,,,,,,,,,
51-35,51,35,Recta,,,,,,,,,,,,,,,,,,,,,,,
51-36,51,36,Recta,,,,,,,,,,,,,,,,,,,,,,,
51-37,51,37,Recta,,,,,,,,,,,,,,,,,,,,,,,
51-38,51,38,Recta,,,,,,,,,,,,,,,,,,,,,,,
51-39,51,39,Recta,,,,,,,,,,,,,,,,,,,,,,,
51-40,51,40,Recta,,,,,,,,,,,,,,,,,,,,,,,
51-41,51,41,Recta,,,,,,,,,,,,,,,,,,,,,,,
51-42,51,42,Recta,,,,,,,,,,,,,,,,,,,,,,,
51-43,51,43,Recta,,,,,,,,,,,,,,,,,,,,,,,
51-44,51,44,Recta,,,,,,,,,,,,,,,,,,,,,,,
51-45,51,45,Recta,,,,,,,,,,,,,,,,,,,,,,,
51-46,51,46,Recta,,,,,,,,,,,,,,,,,,,,,,,
51-47,51,47,Recta,,,,,,,,,,,,,,,,,,,,,,,
51-48,51,48,Recta,,,,,,,,,,,,,,,,,,,,,,,
51-49,51,49,Recta,,,,,,,,,,,,,,,,,,,,,,,
51-50,51,50,Recta,,,,,,,,,,,,,,,,,,,,,,,
51-51,51,51,Recta,,,,,,,,,,,,,,,,,,,,,,,
51-52,51,52,Recta,,,,,,,,,,,,,,,,,,,,,,,
51-53,51,53,Recta,,,,,,,,,,,,,,,,,,,,,,,
51-54,51,54,Recta,,,,,,,,,,,,,,,,,,,,,,,
51-55,51,55,Recta,,,,,,,,,,,,,,,,,,,,,,,
51-56,51,56,Recta,,,,,,,,,,,,,,,,,,,,,,,
51-57,51,57,Recta,,,,,,,,,,,,,,,,,,,,,,,
51-58,51,58,Recta,,,,,,,,,,,,,,,,,,,,,,,
51-59,51,59,Recta,,,,,,,,,,,,,,,,,,,,,,,
51-60,51,60,Recta,,,,,,,,,,,,,,,,,,,,,,,
51-61,51,61,Recta,,,,,,,,,,,,,,,,,,,,,,,
51-62,51,62,Recta,,,,,,,,,,,,,,,,,,,,,,,
51-63,51,63,Recta,,,,,,,,,,,,,,,,,,,,,,,
51-64,51,64,Recta,,,,,,,,,,,,,,,,,,,,,,,
51-65,51,65,Recta,,,,,,,,,,,,,,,,,,,,,,,
51-66,51,66,Recta,,,,,,,,,,,,,,,,,,,,,,,
51-67,51,67,Recta,,,,,,,,,,,,,,,,,,,,,,,
51-68,51,68,Recta,,,,,,,,,,,,,,,,,,,,,,,
51-69,51,69,Recta,,,,,,,,,,,,,,,,,,,,,,,
51-70,51,70,Recta,,,,,,,,,,,,,,,,,,,,,,,
51-71,51,71,Recta,,,,,,,,,,,,,,,,,,,,,,,
51-72,51,72,Recta,,,,,,,,,,,,,,,,,,,,,,,
51-73,51,73,Recta,,,,,,,,,,,,,,,,,,,,,,,
51-74,51,74,Recta,,,,,,,,,,,,,,,,,,,,,,,
51-75,51,75,Recta,,,,,,,,,,,,,,,,,,,,,,,
51-76,51,76,Recta,,,,,,,,,,,,,,,,,,,,,,,
51-77,51,77,Recta,,,,,,,,,,,,,,,,,,,,,,,
51-78,51,78,Recta,,,,,,,,,,,,,,,,,,,,,,,
51-79,51,79,Recta,,,,,,,,,,,,,,,,,,,,,,,
51-80,51,80,Recta,,,,,,,,,,,,,,,,,,,,,,,
51-81,51,81,Recta,,,,,,,,,,,,,,,,,,,,,,,
51-82,51,82,Recta,,,,,,,,,,,,,,,,,,,,,,,
51-83,51,83,Recta,,,,,,,,,,,,,,,,,,,,,,,
51-84,51,84,Recta,,,,,,,,,,,,,,,,,,,,,,,
52-1,52,1,Recta,,,,,,,,,,,,,,,,,,,,,,,
52-2,52,2,Recta,,,,,,,,,,,,,,,,,,,,,,,
52-3,52,3,Recta,,,,,,,,,,,,,,,,,,,,,,,
52-4,52,4,Recta,,,,,,,,,,,,,,,,,,,,,,,
52-5,52,5,Recta,,,,,,,,,,,,,,,,,,,,,,,
52-6,52,6,Recta,,,,,,,,,,,,,,,,,,,,,,,
52-7,52,7,Recta,,,,,,,,,,,,,,,,,,,,,,,
52-8,52,8,Recta,,,,,,,,,,,,,,,,,,,,,,,
52-9,52,9,Recta,,,,,,,,,,,,,,,,,,,,,,,
52-10,52,10,Recta,,,,,,,,,,,,,,,,,,,,,,,
52-11,52,11,Recta,,,,,,,,,,,,,,,,,,,,,,,
52-12,52,12,Recta,,,,,,,,,,,,,,,,,,,,,,,
52-13,52,13,Recta,,,,,,,,,,,,,,,,,,,,,,,
52-14,52,14,Recta,,,,,,,,,,,,,,,,,,,,,,,
52-15,52,15,Recta,,,,,,,,,,,,,,,,,,,,,,,
52-16,52,16,Recta,,,,,,,,,,,,,,,,,,,,,,,
52-17,52,17,Principio Curva < 1000,,,,,,,,,,,,,,,,,,,,,,,
52-18,52,18,Curva < 1000,,,,,,,,,,,,,,,,,,,,,,,
52-19,52,19,Curva < 1000,,,,,,,,,,,,,,,,,,,,,,,
52-20,52,20,Curva < 1000,,,,,,,,,,,,,,,,,,,,,,,
52-21,52,21,Principio Curva Circular < 1000,,,,,,,,,,,,,,,,,,,,,,,
52-22,52,22,Curva < 1000,,,,,,,,,,,,,,,,,,,,,,,
52-23,52,23,Curva < 1000,,,,,,,,,,,,,,,,,,,,,,,
52-24,52,24,Curva < 1000,,,,,,,,,,,,,,,,,,,,,,,
52-25,52,25,Curva < 1000,,,,,,,,,,,,,,,,,,,,,,,
52-26,52,26,Curva < 1000,,,,,,,,,,,,,,,,,,,,,,,
52-27,52,27,Curva < 1000,,,,,,,,,,,,,,,,,,,,,,,
52-28,52,28,Curva < 1000,,,,,,,,,,,,,,,,,,,,,,,
52-29,52,29,Fin Curva Circular < 1000,,,,,,,,,,,,,,,,,,,,,,,
52-30,52,30,Curva < 1000,,,,,,,,,,,,,,,,,,,,,,,
52-31,52,31,Curva < 1000,,,,,,,,,,,,,,,,,,,,,,,
52-32,52,32,Curva < 1000,,,,,,,,,,,,,,,,,,,,,,,
52-33,52,33,Curva < 1000,,,,,,,,,,,,,,,,,,,,,,,
52-34,52,34,Curva < 1000,,,,,,,,,,,,,,,,,,,,,,,
52-35,52,35,Fin Curva < 1000,,,,,,,,,,,,,,,,,,,,,,,
52-36,52,36,Recta,,,,,,,,,,,,,,,,,,,,,,,
52-37,52,37,Recta,,,,,,,,,,,,,,,,,,,,,,,
52-38,52,38,Recta,,,,,,,,,,,,,,,,,,,,,,,
52-39,52,39,Recta,,,,,,,,,,,,,,,,,,,,,,,
52-40,52,40,Recta,,,,,,,,,,,,,,,,,,,,,,,
52-41,52,41,Recta,,,,,,,,,,,,,,,,,,,,,,,
52-42,52,42,Recta,,,,,,,,,,,,,,,,,,,,,,,
52-43,52,43,Recta,,,,,,,,,,,,,,,,,,,,,,,
52-44,52,44,Recta,,,,,,,,,,,,,,,,,,,,,,,
52-45,52,45,Recta,,,,,,,,,,,,,,,,,,,,,,,
52-46,52,46,Recta,,,,,,,,,,,,,,,,,,,,,,,
52-47,52,47,Recta,,,,,,,,,,,,,,,,,,,,,,,
52-48,52,48,Recta,,,,,,,,,,,,,,,,,,,,,,,
52-49,52,49,Recta,,,,,,,,,,,,,,,,,,,,,,,
52-50,52,50,Recta,,,,,,,,,,,,,,,,,,,,,,,
52-51,52,51,Recta,,,,,,,,,,,,,,,,,,,,,,,
52-52,52,52,Recta,,,,,,,,,,,,,,,,,,,,,,,
52-53,52,53,Recta,,,,,,,,,,,,,,,,,,,,,,,
52-54,52,54,Recta,,,,,,,,,,,,,,,,,,,,,,,
52-55,52,55,Recta,,,,,,,,,,,,,,,,,,,,,,,
52-56,52,56,Recta,,,,,,,,,,,,,,,,,,,,,,,
52-57,52,57,Recta,,,,,,,,,,,,,,,,,,,,,,,
52-58,52,58,Recta,,,,,,,,,,,,,,,,,,,,,,,
52-59,52,59,Recta,,,,,,,,,,,,,,,,,,,,,,,
52-60,52,60,Recta,,,,,,,,,,,,,,,,,,,,,,,
52-61,52,61,Recta,,,,,,,,,,,,,,,,,,,,,,,
52-62,52,62,Recta,,,,,,,,,,,,,,,,,,,,,,,
52-63,52,63,Recta,,,,,,,,,,,,,,,,,,,,,,,
52-64,52,64,Recta,,,,,,,,,,,,,,,,,,,,,,,
52-65,52,65,Recta,,,,,,,,,,,,,,,,,,,,,,,
52-66,52,66,Recta,,,,,,,,,,,,,,,,,,,,,,,
52-67,52,67,Recta,,,,,,,,,,,,,,,,,,,,,,,
52-68,52,68,Recta,,,,,,,,,,,,,,,,,,,,,,,
52-69,52,69,Recta,,,,,,,,,,,,,,,,,,,,,,,
52-70,52,70,Recta,,,,,,,,,,,,,,,,,,,,,,,
52-71,52,71,Recta,,,,,,,,,,,,,,,,,,,,,,,
52-72,52,72,Recta,,,,,,,,,,,,,,,,,,,,,,,
52-73,52,73,Recta,,,,,,,,,,,,,,,,,,,,,,,
52-74,52,74,Recta,,,,,,,,,,,,,,,,,,,,,,,
52-75,52,75,Recta,,,,,,,,,,,,,,,,,,,,,,,
52-76,52,76,Recta,,,,,,,,,,,,,,,,,,,,,,,
52-77,52,77,Recta,,,,,,,,,,,,,,,,,,,,,,,
52-78,52,78,Recta,,,,,,,,,,,,,,,,,,,,,,,
52-79,52,79,Recta,,,,,,,,,,,,,,,,,,,,,,,
52-80,52,80,Recta,,,,,,,,,,,,,,,,,,,,,,,
52-81,52,81,Recta,,,,,,,,,,,,,,,,,,,,,,,
52-82,52,82,Recta,,,,,,,,,,,,,,,,,,,,,,,
52-83,52,83,Recta,,,,,,,,,,,,,,,,,,,,,,,
52-84,52,84,Recta,,,,,,,,,,,,,,,,,,,,,,,
52-85,52,85,Recta,,,,,,,,,,,,,,,,,,,,,,,
52-86,52,86,Recta,,,,,,,,,,,,,,,,,,,,,,,
53-1,53,1,Recta,,,,,,,,,,,,,,,,,,,,,,,
53-2,53,2,Recta,,,,,,,,,,,,,,,,,,,,,,,
53-3,53,3,Recta,,,,,,,,,,,,,,,,,,,,,,,
53-4,53,4,Recta,,,,,,,,,,,,,,,,,,,,,,,
53-5,53,5,Recta,,,,,,,,,,,,,,,,,,,,,,,
53-6,53,6,Recta,,,,,,,,,,,,,,,,,,,,,,,
53-7,53,7,Recta,,,,,,,,,,,,,,,,,,,,,,,
53-8,53,8,Recta,,,,,,,,,,,,,,,,,,,,,,,
53-9,53,9,Recta,,,,,,,,,,,,,,,,,,,,,,,
53-10,53,10,Recta,,,,,,,,,,,,,,,,,,,,,,,
53-11,53,11,Recta,,,,,,,,,,,,,,,,,,,,,,,
53-12,53,12,Recta,,,,,,,,,,,,,,,,,,,,,,,
53-13,53,13,Recta,,,,,,,,,,,,,,,,,,,,,,,
53-14,53,14,Recta,,,,,,,,,,,,,,,,,,,,,,,
53-15,53,15,Recta,,,,,,,,,,,,,,,,,,,,,,,
53-16,53,16,Recta,,,,,,,,,,,,,,,,,,,,,,,
53-17,53,17,Recta,,,,,,,,,,,,,,,,,,,,,,,
53-18,53,18,Recta,,,,,,,,,,,,,,,,,,,,,,,
53-19,53,19,Recta,,,,,,,,,,,,,,,,,,,,,,,
53-20,53,20,Recta,,,,,,,,,,,,,,,,,,,,,,,
53-21,53,21,Recta,,,,,,,,,,,,,,,,,,,,,,,
53-22,53,22,Recta,,,,,,,,,,,,,,,,,,,,,,,
53-23,53,23,Recta,,,,,,,,,,,,,,,,,,,,,,,
53-24,53,24,Recta,,,,,,,,,,,,,,,,,,,,,,,
53-25,53,25,Recta,,,,,,,,,,,,,,,,,,,,,,,
53-26,53,26,Recta,,,,,,,,,,,,,,,,,,,,,,,
53-27,53,27,Recta,,,,,,,,,,,,,,,,,,,,,,,
53-28,53,28,Recta,,,,,,,,,,,,,,,,,,,,,,,
53-29,53,29,Recta,,,,,,,,,,,,,,,,,,,,,,,
53-30,53,30,Recta,,,,,,,,,,,,,,,,,,,,,,,
53-31,53,31,Recta,,,,,,,,,,,,,,,,,,,,,,,
53-32,53,32,Recta,,,,,,,,,,,,,,,,,,,,,,,
53-33,53,33,Recta,,,,,,,,,,,,,,,,,,,,,,,
53-34,53,34,Recta,,,,,,,,,,,,,,,,,,,,,,,
53-35,53,35,Recta,,,,,,,,,,,,,,,,,,,,,,,
53-36,53,36,Recta,,,,,,,,,,,,,,,,,,,,,,,
53-37,53,37,Recta,,,,,,,,,,,,,,,,,,,,,,,
53-38,53,38,Recta,,,,,,,,,,,,,,,,,,,,,,,
53-39,53,39,Recta,,,,,,,,,,,,,,,,,,,,,,,
53-40,53,40,Recta,,,,,,,,,,,,,,,,,,,,,,,
53-41,53,41,Recta,,,,,,,,,,,,,,,,,,,,,,,
53-42,53,42,Recta,,,,,,,,,,,,,,,,,,,,,,,
53-43,53,43,Recta,,,,,,,,,,,,,,,,,,,,,,,
53-44,53,44,Recta,,,,,,,,,,,,,,,,,,,,,,,
53-45,53,45,Recta,,,,,,,,,,,,,,,,,,,,,,,
53-46,53,46,Recta,,,,,,,,,,,,,,,,,,,,,,,
53-47,53,47,Recta,,,,,,,,,,,,,,,,,,,,,,,
53-48,53,48,Recta,,,,,,,,,,,,,,,,,,,,,,,
53-49,53,49,Recta,,,,,,,,,,,,,,,,,,,,,,,
53-50,53,50,Recta,,,,,,,,,,,,,,,,,,,,,,,
53-51,53,51,Recta,,,,,,,,,,,,,,,,,,,,,,,
53-52,53,52,Recta,,,,,,,,,,,,,,,,,,,,,,,
53-53,53,53,Recta,,,,,,,,,,,,,,,,,,,,,,,
53-54,53,54,Recta,,,,,,,,,,,,,,,,,,,,,,,
53-55,53,55,Recta,,,,,,,,,,,,,,,,,,,,,,,
53-56,53,56,Recta,,,,,,,,,,,,,,,,,,,,,,,
53-57,53,57,Recta,,,,,,,,,,,,,,,,,,,,,,,
53-58,53,58,Recta,,,,,,,,,,,,,,,,,,,,,,,
53-59,53,59,Recta,,,,,,,,,,,,,,,,,,,,,,,
53-60,53,60,Recta,,,,,,,,,,,,,,,,,,,,,,,
53-61,53,61,Recta,,,,,,,,,,,,,,,,,,,,,,,
53-62,53,62,Recta,,,,,,,,,,,,,,,,,,,,,,,
53-63,53,63,Recta,,,,,,,,,,,,,,,,,,,,,,,
53-64,53,64,Recta,,,,,,,,,,,,,,,,,,,,,,,
53-65,53,65,Recta,,,,,,,,,,,,,,,,,,,,,,,
53-66,53,66,Recta,,,,,,,,,,,,,,,,,,,,,,,
53-67,53,67,Recta,,,,,,,,,,,,,,,,,,,,,,,
53-68,53,68,Recta,,,,,,,,,,,,,,,,,,,,,,,
53-69,53,69,Recta,,,,,,,,,,,,,,,,,,,,,,,
53-70,53,70,Recta,,,,,,,,,,,,,,,,,,,,,,,
53-71,53,71,Recta,,,,,,,,,,,,,,,,,,,,,,,
53-72,53,72,Recta,,,,,,,,,,,,,,,,,,,,,,,
53-73,53,73,Recta,,,,,,,,,,,,,,,,,,,,,,,
53-74,53,74,Recta,,,,,,,,,,,,,,,,,,,,,,,
53-75,53,75,Recta,,,,,,,,,,,,,,,,,,,,,,,
53-76,53,76,Recta,,,,,,,,,,,,,,,,,,,,,,,
53-77,53,77,Recta,,,,,,,,,,,,,,,,,,,,,,,
53-78,53,78,Recta,,,,,,,,,,,,,,,,,,,,,,,
53-79,53,79,Recta,,,,,,,,,,,,,,,,,,,,,,,
53-80,53,80,Recta,,,,,,,,,,,,,,,,,,,,,,,
53-81,53,81,Recta,,,,,,,,,,,,,,,,,,,,,,,
53-82,53,82,Recta,,,,,,,,,,,,,,,,,,,,,,,
53-83,53,83,Recta,,,,,,,,,,,,,,,,,,,,,,,
53-84,53,84,Recta,,,,,,,,,,,,,,,,,,,,,,,
54-1,54,1,Recta,,,,,,,,,,,,,,,,,,,,,,,
54-2,54,2,Recta,,,,,,,,,,,,,,,,,,,,,,,
54-3,54,3,Recta,,,,,,,,,,,,,,,,,,,,,,,
54-4,54,4,Recta,,,,,,,,,,,,,,,,,,,,,,,
54-5,54,5,Recta,,,,,,,,,,,,,,,,,,,,,,,
54-6,54,6,Recta,,,,,,,,,,,,,,,,,,,,,,,
54-7,54,7,Recta,,,,,,,,,,,,,,,,,,,,,,,
54-8,54,8,Recta,,,,,,,,,,,,,,,,,,,,,,,
54-9,54,9,Recta,,,,,,,,,,,,,,,,,,,,,,,
54-10,54,10,Recta,,,,,,,,,,,,,,,,,,,,,,,
54-11,54,11,Recta,,,,,,,,,,,,,,,,,,,,,,,
54-12,54,12,Recta,,,,,,,,,,,,,,,,,,,,,,,
54-13,54,13,Recta,,,,,,,,,,,,,,,,,,,,,,,
54-14,54,14,Recta,,,,,,,,,,,,,,,,,,,,,,,
54-15,54,15,Recta,,,,,,,,,,,,,,,,,,,,,,,
54-16,54,16,Recta,,,,,,,,,,,,,,,,,,,,,,,
54-17,54,17,Recta,,,,,,,,,,,,,,,,,,,,,,,
54-18,54,18,Recta,,,,,,,,,,,,,,,,,,,,,,,
54-19,54,19,Recta,,,,,,,,,,,,,,,,,,,,,,,
54-20,54,20,Recta,,,,,,,,,,,,,,,,,,,,,,,
54-21,54,21,Recta,,,,,,,,,,,,,,,,,,,,,,,
54-22,54,22,Recta,,,,,,,,,,,,,,,,,,,,,,,
54-23,54,23,Recta,,,,,,,,,,,,,,,,,,,,,,,
54-24,54,24,Recta,,,,,,,,,,,,,,,,,,,,,,,
54-25,54,25,Recta,,,,,,,,,,,,,,,,,,,,,,,
54-26,54,26,Recta,,,,,,,,,,,,,,,,,,,,,,,
54-27,54,27,Recta,,,,,,,,,,,,,,,,,,,,,,,
54-28,54,28,Recta,,,,,,,,,,,,,,,,,,,,,,,
54-29,54,29,Recta,,,,,,,,,,,,,,,,,,,,,,,
54-30,54,30,Recta,,,,,,,,,,,,,,,,,,,,,,,
54-31,54,31,Recta,,,,,,,,,,,,,,,,,,,,,,,
54-32,54,32,Recta,,,,,,,,,,,,,,,,,,,,,,,
54-33,54,33,Recta,,,,,,,,,,,,,,,,,,,,,,,
54-34,54,34,Recta,,,,,,,,,,,,,,,,,,,,,,,
54-35,54,35,Recta,,,,,,,,,,,,,,,,,,,,,,,
54-36,54,36,Recta,,,,,,,,,,,,,,,,,,,,,,,
54-37,54,37,Recta,,,,,,,,,,,,,,,,,,,,,,,
54-38,54,38,Recta,,,,,,,,,,,,,,,,,,,,,,,
54-39,54,39,Recta,,,,,,,,,,,,,,,,,,,,,,,
54-40,54,40,Recta,,,,,,,,,,,,,,,,,,,,,,,
54-41,54,41,Recta,,,,,,,,,,,,,,,,,,,,,,,
54-42,54,42,Recta,,,,,,,,,,,,,,,,,,,,,,,
54-43,54,43,Recta,,,,,,,,,,,,,,,,,,,,,,,
54-44,54,44,Recta,,,,,,,,,,,,,,,,,,,,,,,
54-45,54,45,Recta,,,,,,,,,,,,,,,,,,,,,,,
54-46,54,46,Recta,,,,,,,,,,,,,,,,,,,,,,,
54-47,54,47,Recta,,,,,,,,,,,,,,,,,,,,,,,
54-48,54,48,Recta,,,,,,,,,,,,,,,,,,,,,,,
54-49,54,49,Recta,,,,,,,,,,,,,,,,,,,,,,,
54-50,54,50,Recta,,,,,,,,,,,,,,,,,,,,,,,
54-51,54,51,Recta,,,,,,,,,,,,,,,,,,,,,,,
54-52,54,52,Recta,,,,,,,,,,,,,,,,,,,,,,,
54-53,54,53,Recta,,,,,,,,,,,,,,,,,,,,,,,
54-54,54,54,Recta,,,,,,,,,,,,,,,,,,,,,,,
54-55,54,55,Recta,,,,,,,,,,,,,,,,,,,,,,,
54-56,54,56,Recta,,,,,,,,,,,,,,,,,,,,,,,
54-57,54,57,Recta,,,,,,,,,,,,,,,,,,,,,,,
54-58,54,58,Recta,,,,,,,,,,,,,,,,,,,,,,,
54-59,54,59,Recta,,,,,,,,,,,,,,,,,,,,,,,
54-60,54,60,Recta,,,,,,,,,,,,,,,,,,,,,,,
54-61,54,61,Recta,,,,,,,,,,,,,,,,,,,,,,,
54-62,54,62,Recta,,,,,,,,,,,,,,,,,,,,,,,
54-63,54,63,Recta,,,,,,,,,,,,,,,,,,,,,,,
54-64,54,64,Recta,,,,,,,,,,,,,,,,,,,,,,,
54-65,54,65,Recta,,,,,,,,,,,,,,,,,,,,,,,
54-66,54,66,Recta,,,,,,,,,,,,,,,,,,,,,,,
54-67,54,67,Recta,,,,,,,,,,,,,,,,,,,,,,,
54-68,54,68,Recta,,,,,,,,,,,,,,,,,,,,,,,
54-69,54,69,Recta,,,,,,,,,,,,,,,,,,,,,,,
54-70,54,70,Recta,,,,,,,,,,,,,,,,,,,,,,,
54-71,54,71,Recta,,,,,,,,,,,,,,,,,,,,,,,
54-72,54,72,Recta,,,,,,,,,,,,,,,,,,,,,,,
54-73,54,73,Recta,,,,,,,,,,,,,,,,,,,,,,,
54-74,54,74,Recta,,,,,,,,,,,,,,,,,,,,,,,
54-75,54,75,Recta,,,,,,,,,,,,,,,,,,,,,,,
54-76,54,76,Recta,,,,,,,,,,,,,,,,,,,,,,,
54-77,54,77,Recta,,,,,,,,,,,,,,,,,,,,,,,
54-78,54,78,Recta,,,,,,,,,,,,,,,,,,,,,,,
54-79,54,79,Recta,,,,,,,,,,,,,,,,,,,,,,,
54-80,54,80,Recta,,,,,,,,,,,,,,,,,,,,,,,
54-81,54,81,Recta,,,,,,,,,,,,,,,,,,,,,,,
54-82,54,82,Recta,,,,,,,,,,,,,,,,,,,,,,,
55-1,55,1,Recta,,,,,,,,,,,,,,,,,,,,,,,
55-2,55,2,Recta,,,,,,,,,,,,,,,,,,,,,,,
55-3,55,3,Recta,,,,,,,,,,,,,,,,,,,,,,,
55-4,55,4,Recta,,,,,,,,,,,,,,,,,,,,,,,
55-5,55,5,Recta,,,,,,,,,,,,,,,,,,,,,,,
55-6,55,6,Recta,,,,,,,,,,,,,,,,,,,,,,,
55-7,55,7,Recta,,,,,,,,,,,,,,,,,,,,,,,
55-8,55,8,Recta,,,,,,,,,,,,,,,,,,,,,,,
55-9,55,9,Recta,,,,,,,,,,,,,,,,,,,,,,,
55-10,55,10,Recta,,,,,,,,,,,,,,,,,,,,,,,
55-11,55,11,Recta,,,,,,,,,,,,,,,,,,,,,,,
55-12,55,12,Recta,,,,,,,,,,,,,,,,,,,,,,,
55-13,55,13,Recta,,,,,,,,,,,,,,,,,,,,,,,
55-14,55,14,Recta,,,,,,,,,,,,,,,,,,,,,,,
55-15,55,15,Recta,,,,,,,,,,,,,,,,,,,,,,,
55-16,55,16,Recta,,,,,,,,,,,,,,,,,,,,,,,
55-17,55,17,Recta,,,,,,,,,,,,,,,,,,,,,,,
55-18,55,18,Recta,,,,,,,,,,,,,,,,,,,,,,,
55-19,55,19,Recta,,,,,,,,,,,,,,,,,,,,,,,
55-20,55,20,Recta,,,,,,,,,,,,,,,,,,,,,,,
55-21,55,21,Recta,,,,,,,,,,,,,,,,,,,,,,,
55-22,55,22,Recta,,,,,,,,,,,,,,,,,,,,,,,
55-23,55,23,Recta,,,,,,,,,,,,,,,,,,,,,,,
55-24,55,24,Recta,,,,,,,,,,,,,,,,,,,,,,,
55-25,55,25,Recta,,,,,,,,,,,,,,,,,,,,,,,
55-26,55,26,Recta,,,,,,,,,,,,,,,,,,,,,,,
55-27,55,27,Recta,,,,,,,,,,,,,,,,,,,,,,,
55-28,55,28,Recta,,,,,,,,,,,,,,,,,,,,,,,
55-29,55,29,Recta,,,,,,,,,,,,,,,,,,,,,,,
55-30,55,30,Recta,,,,,,,,,,,,,,,,,,,,,,,
55-31,55,31,Recta,,,,,,,,,,,,,,,,,,,,,,,
55-32,55,32,Recta,,,,,,,,,,,,,,,,,,,,,,,
55-33,55,33,Recta,,,,,,,,,,,,,,,,,,,,,,,
55-34,55,34,Recta,,,,,,,,,,,,,,,,,,,,,,,
55-35,55,35,Recta,,,,,,,,,,,,,,,,,,,,,,,
55-36,55,36,Recta,,,,,,,,,,,,,,,,,,,,,,,
55-37,55,37,Recta,,,,,,,,,,,,,,,,,,,,,,,
55-38,55,38,Recta,,,,,,,,,,,,,,,,,,,,,,,
55-39,55,39,Recta,,,,,,,,,,,,,,,,,,,,,,,
55-40,55,40,Recta,,,,,,,,,,,,,,,,,,,,,,,
55-41,55,41,Recta,,,,,,,,,,,,,,,,,,,,,,,
55-42,55,42,Recta,,,,,,,,,,,,,,,,,,,,,,,
55-43,55,43,Recta,,,,,,,,,,,,,,,,,,,,,,,
55-44,55,44,Recta,,,,,,,,,,,,,,,,,,,,,,,
55-45,55,45,Recta,,,,,,,,,,,,,,,,,,,,,,,
55-46,55,46,Recta,,,,,,,,,,,,,,,,,,,,,,,
55-47,55,47,Recta,,,,,,,,,,,,,,,,,,,,,,,
55-48,55,48,Recta,,,,,,,,,,,,,,,,,,,,,,,
55-49,55,49,Recta,,,,,,,,,,,,,,,,,,,,,,,
55-50,55,50,Recta,,,,,,,,,,,,,,,,,,,,,,,
55-51,55,51,Recta,,,,,,,,,,,,,,,,,,,,,,,
55-52,55,52,Recta,,,,,,,,,,,,,,,,,,,,,,,
55-53,55,53,Recta,,,,,,,,,,,,,,,,,,,,,,,
55-54,55,54,Recta,,,,,,,,,,,,,,,,,,,,,,,
55-55,55,55,Recta,,,,,,,,,,,,,,,,,,,,,,,
55-56,55,56,Recta,,,,,,,,,,,,,,,,,,,,,,,
55-57,55,57,Recta,,,,,,,,,,,,,,,,,,,,,,,
55-58,55,58,Recta,,,,,,,,,,,,,,,,,,,,,,,
55-59,55,59,Recta,,,,,,,,,,,,,,,,,,,,,,,
55-60,55,60,Recta,,,,,,,,,,,,,,,,,,,,,,,
55-61,55,61,Recta,,,,,,,,,,,,,,,,,,,,,,,
55-62,55,62,Recta,,,,,,,,,,,,,,,,,,,,,,,
55-63,55,63,Recta,,,,,,,,,,,,,,,,,,,,,,,
55-64,55,64,Recta,,,,,,,,,,,,,,,,,,,,,,,
55-65,55,65,Recta,,,,,,,,,,,,,,,,,,,,,,,
55-66,55,66,Recta,,,,,,,,,,,,,,,,,,,,,,,
55-67,55,67,Recta,,,,,,,,,,,,,,,,,,,,,,,
55-68,55,68,Recta,,,,,,,,,,,,,,,,,,,,,,,
55-69,55,69,Recta,,,,,,,,,,,,,,,,,,,,,,,
55-70,55,70,Recta,,,,,,,,,,,,,,,,,,,,,,,
55-71,55,71,Recta,,,,,,,,,,,,,,,,,,,,,,,
55-72,55,72,Recta,,,,,,,,,,,,,,,,,,,,,,,
55-73,55,73,Recta,,,,,,,,,,,,,,,,,,,,,,,
55-74,55,74,Recta,,,,,,,,,,,,,,,,,,,,,,,
55-75,55,75,Recta,,,,,,,,,,,,,,,,,,,,,,,
55-76,55,76,Recta,,,,,,,,,,,,,,,,,,,,,,,
55-77,55,77,Recta,,,,,,,,,,,,,,,,,,,,,,,
55-78,55,78,Recta,,,,,,,,,,,,,,,,,,,,,,,
55-79,55,79,Recta,,,,,,,,,,,,,,,,,,,,,,,
55-80,55,80,Recta,,,,,,,,,,,,,,,,,,,,,,,
55-81,55,81,Recta,,,,,,,,,,,,,,,,,,,,,,,
55-82,55,82,Recta,,,,,,,,,,,,,,,,,,,,,,,
55-83,55,83,Recta,,,,,,,,,,,,,,,,,,,,,,,
55-84,55,84,Recta,,,,,,,,,,,,,,,,,,,,,,,
56-1,56,1,Recta,,,,,,,,,,,,,,,,,,,,,,,
56-2,56,2,Recta,,,,,,,,,,,,,,,,,,,,,,,
56-3,56,3,Recta,,,,,,,,,,,,,,,,,,,,,,,
56-4,56,4,Recta,,,,,,,,,,,,,,,,,,,,,,,
56-5,56,5,Recta,,,,,,,,,,,,,,,,,,,,,,,
56-6,56,6,Recta,,,,,,,,,,,,,,,,,,,,,,,
56-7,56,7,Recta,,,,,,,,,,,,,,,,,,,,,,,
56-8,56,8,Recta,,,,,,,,,,,,,,,,,,,,,,,
56-9,56,9,Recta,,,,,,,,,,,,,,,,,,,,,,,
56-10,56,10,Recta,,,,,,,,,,,,,,,,,,,,,,,
56-11,56,11,Recta,,,,,,,,,,,,,,,,,,,,,,,
56-12,56,12,Recta,,,,,,,,,,,,,,,,,,,,,,,
56-13,56,13,Recta,,,,,,,,,,,,,,,,,,,,,,,
56-14,56,14,Recta,,,,,,,,,,,,,,,,,,,,,,,
56-15,56,15,Recta,,,,,,,,,,,,,,,,,,,,,,,
56-16,56,16,Recta,,,,,,,,,,,,,,,,,,,,,,,
56-17,56,17,Recta,,,,,,,,,,,,,,,,,,,,,,,
56-18,56,18,Recta,,,,,,,,,,,,,,,,,,,,,,,
56-19,56,19,Recta,,,,,,,,,,,,,,,,,,,,,,,
56-20,56,20,Recta,,,,,,,,,,,,,,,,,,,,,,,
56-21,56,21,Recta,,,,,,,,,,,,,,,,,,,,,,,
56-22,56,22,Recta,,,,,,,,,,,,,,,,,,,,,,,
56-23,56,23,Recta,,,,,,,,,,,,,,,,,,,,,,,
56-24,56,24,Recta,,,,,,,,,,,,,,,,,,,,,,,
56-25,56,25,Recta,,,,,,,,,,,,,,,,,,,,,,,
56-26,56,26,Recta,,,,,,,,,,,,,,,,,,,,,,,
56-27,56,27,Recta,,,,,,,,,,,,,,,,,,,,,,,
56-28,56,28,Recta,,,,,,,,,,,,,,,,,,,,,,,
56-29,56,29,Recta,,,,,,,,,,,,,,,,,,,,,,,
56-30,56,30,Recta,,,,,,,,,,,,,,,,,,,,,,,
56-31,56,31,Recta,,,,,,,,,,,,,,,,,,,,,,,
56-32,56,32,Recta,,,,,,,,,,,,,,,,,,,,,,,
56-33,56,33,Recta,,,,,,,,,,,,,,,,,,,,,,,
56-34,56,34,Recta,,,,,,,,,,,,,,,,,,,,,,,
56-35,56,35,Recta,,,,,,,,,,,,,,,,,,,,,,,
56-36,56,36,Recta,,,,,,,,,,,,,,,,,,,,,,,
56-37,56,37,Recta,,,,,,,,,,,,,,,,,,,,,,,
56-38,56,38,Principio Curva < 1000,,,,,,,,,,,,,,,,,,,,,,,
56-39,56,39,Curva < 1000,,,,,,,,,,,,,,,,,,,,,,,
56-40,56,40,Curva < 1000,,,,,,,,,,,,,,,,,,,,,,,
56-41,56,41,Principio Curva Circular < 1000,,,,,,,,,,,,,,,,,,,,,,,
56-42,56,42,Curva < 1000,,,,,,,,,,,,,,,,,,,,,,,
56-43,56,43,Curva < 1000,,,,,,,,,,,,,,,,,,,,,,,
56-44,56,44,Curva < 1000,,,,,,,,,,,,,,,,,,,,,,,
56-45,56,45,Curva < 1000,,,,,,,,,,,,,,,,,,,,,,,
56-46,56,46,Curva < 1000,,,,,,,,,,,,,,,,,,,,,,,
56-47,56,47,Curva < 1000,,,,,,,,,,,,,,,,,,,,,,,
56-48,56,48,Curva < 1000,,,,,,,,,,,,,,,,,,,,,,,
56-49,56,49,Curva < 1000,,,,,,,,,,,,,,,,,,,,,,,
56-50,56,50,Curva < 1000,,,,,,,,,,,,,,,,,,,,,,,
56-51,56,51,Curva < 1000,,,,,,,,,,,,,,,,,,,,,,,
56-52,56,52,Curva < 1000,,,,,,,,,,,,,,,,,,,,,,,
56-53,56,53,Curva < 1000,,,,,,,,,,,,,,,,,,,,,,,
56-54,56,54,Curva < 1000,,,,,,,,,,,,,,,,,,,,,,,
56-55,56,55,Curva < 1000,,,,,,,,,,,,,,,,,,,,,,,
56-56,56,56,Curva < 1000,,,,,,,,,,,,,,,,,,,,,,,
56-57,56,57,Curva < 1000,,,,,,,,,,,,,,,,,,,,,,,
56-58,56,58,Curva < 1000,,,,,,,,,,,,,,,,,,,,,,,
56-59,56,59,Curva < 1000,,,,,,,,,,,,,,,,,,,,,,,
56-60,56,60,Curva < 1000,,,,,,,,,,,,,,,,,,,,,,,
56-61,56,61,Curva < 1000,,,,,,,,,,,,,,,,,,,,,,,
56-62,56,62,Fin Curva Circular < 1000,,,,,,,,,,,,,,,,,,,,,,,
56-63,56,63,Curva < 1000,,,,,,,,,,,,,,,,,,,,,,,
56-64,56,64,Curva < 1000,,,,,,,,,,,,,,,,,,,,,,,
56-65,56,65,Curva < 1000,,,,,,,,,,,,,,,,,,,,,,,
56-66,56,66,Curva < 1000,,,,,,,,,,,,,,,,,,,,,,,
56-67,56,67,Curva < 1000,,,,,,,,,,,,,,,,,,,,,,,
56-68,56,68,Curva < 1000,,,,,,,,,,,,,,,,,,,,,,,
56-69,56,69,Curva < 1000,,,,,,,,,,,,,,,,,,,,,,,
56-70,56,70,Fin Curva < 1000,,,,,,,,,,,,,,,,,,,,,,,
56-71,56,71,Recta,,,,,,,,,,,,,,,,,,,,,,,
56-72,56,72,Recta,,,,,,,,,,,,,,,,,,,,,,,
56-73,56,73,Recta,,,,,,,,,,,,,,,,,,,,,,,
56-74,56,74,Recta,,,,,,,,,,,,,,,,,,,,,,,
56-75,56,75,Recta,,,,,,,,,,,,,,,,,,,,,,,
56-76,56,76,Recta,,,,,,,,,,,,,,,,,,,,,,,
56-77,56,77,Recta,,,,,,,,,,,,,,,,,,,,,,,
56-78,56,78,Recta,,,,,,,,,,,,,,,,,,,,,,,
56-79,56,79,Recta,,,,,,,,,,,,,,,,,,,,,,,
56-80,56,80,Recta,,,,,,,,,,,,,,,,,,,,,,,
56-81,56,81,Recta,,,,,,,,,,,,,,,,,,,,,,,
56-82,56,82,Recta,,,,,,,,,,,,,,,,,,,,,,,
56-83,56,83,Recta,,,,,,,,,,,,,,,,,,,,,,,
56-84,56,84,Recta,,,,,,,,,,,,,,,,,,,,,,,
57-1,57,1,Recta,,,,,,,,,,,,,,,,,,,,,,,
57-2,57,2,Recta,,,,,,,,,,,,,,,,,,,,,,,
57-3,57,3,Recta,,,,,,,,,,,,,,,,,,,,,,,
57-4,57,4,Recta,,,,,,,,,,,,,,,,,,,,,,,
57-5,57,5,Recta,,,,,,,,,,,,,,,,,,,,,,,
57-6,57,6,Recta,,,,,,,,,,,,,,,,,,,,,,,
57-7,57,7,Recta,,,,,,,,,,,,,,,,,,,,,,,
57-8,57,8,Recta,,,,,,,,,,,,,,,,,,,,,,,
57-9,57,9,Recta,,,,,,,,,,,,,,,,,,,,,,,
57-10,57,10,Recta,,,,,,,,,,,,,,,,,,,,,,,
57-11,57,11,Recta,,,,,,,,,,,,,,,,,,,,,,,
57-12,57,12,Recta,,,,,,,,,,,,,,,,,,,,,,,
57-13,57,13,Recta,,,,,,,,,,,,,,,,,,,,,,,
57-14,57,14,Recta,,,,,,,,,,,,,,,,,,,,,,,
57-15,57,15,Recta,,,,,,,,,,,,,,,,,,,,,,,
57-16,57,16,Recta,,,,,,,,,,,,,,,,,,,,,,,
57-17,57,17,Recta,,,,,,,,,,,,,,,,,,,,,,,
57-18,57,18,Recta,,,,,,,,,,,,,,,,,,,,,,,
57-19,57,19,Recta,,,,,,,,,,,,,,,,,,,,,,,
57-20,57,20,Recta,,,,,,,,,,,,,,,,,,,,,,,
57-21,57,21,Recta,,,,,,,,,,,,,,,,,,,,,,,
57-22,57,22,Recta,,,,,,,,,,,,,,,,,,,,,,,
57-23,57,23,Recta,,,,,,,,,,,,,,,,,,,,,,,
57-24,57,24,Recta,,,,,,,,,,,,,,,,,,,,,,,
57-25,57,25,Recta,,,,,,,,,,,,,,,,,,,,,,,
57-26,57,26,Recta,,,,,,,,,,,,,,,,,,,,,,,
57-27,57,27,Recta,,,,,,,,,,,,,,,,,,,,,,,
57-28,57,28,Recta,,,,,,,,,,,,,,,,,,,,,,,
57-29,57,29,Recta,,,,,,,,,,,,,,,,,,,,,,,
57-30,57,30,Recta,,,,,,,,,,,,,,,,,,,,,,,
57-31,57,31,Recta,,,,,,,,,,,,,,,,,,,,,,,
57-32,57,32,Recta,,,,,,,,,,,,,,,,,,,,,,,
57-33,57,33,Recta,,,,,,,,,,,,,,,,,,,,,,,
57-34,57,34,Recta,,,,,,,,,,,,,,,,,,,,,,,
57-35,57,35,Recta,,,,,,,,,,,,,,,,,,,,,,,
57-36,57,36,Recta,,,,,,,,,,,,,,,,,,,,,,,
57-37,57,37,Recta,,,,,,,,,,,,,,,,,,,,,,,
57-38,57,38,Recta,,,,,,,,,,,,,,,,,,,,,,,
57-39,57,39,Recta,,,,,,,,,,,,,,,,,,,,,,,
57-40,57,40,Recta,,,,,,,,,,,,,,,,,,,,,,,
57-41,57,41,Recta,,,,,,,,,,,,,,,,,,,,,,,
57-42,57,42,Recta,,,,,,,,,,,,,,,,,,,,,,,
57-43,57,43,Recta,,,,,,,,,,,,,,,,,,,,,,,
57-44,57,44,Recta,,,,,,,,,,,,,,,,,,,,,,,
57-45,57,45,Recta,,,,,,,,,,,,,,,,,,,,,,,
57-46,57,46,Recta,,,,,,,,,,,,,,,,,,,,,,,
57-47,57,47,Recta,,,,,,,,,,,,,,,,,,,,,,,
57-48,57,48,Recta,,,,,,,,,,,,,,,,,,,,,,,
57-49,57,49,Recta,,,,,,,,,,,,,,,,,,,,,,,
57-50,57,50,Recta,,,,,,,,,,,,,,,,,,,,,,,
57-51,57,51,Recta,,,,,,,,,,,,,,,,,,,,,,,
57-52,57,52,Recta,,,,,,,,,,,,,,,,,,,,,,,
57-53,57,53,Recta,,,,,,,,,,,,,,,,,,,,,,,
57-54,57,54,Recta,,,,,,,,,,,,,,,,,,,,,,,
57-55,57,55,Recta,,,,,,,,,,,,,,,,,,,,,,,
57-56,57,56,Recta,,,,,,,,,,,,,,,,,,,,,,,
57-57,57,57,Recta,,,,,,,,,,,,,,,,,,,,,,,
57-58,57,58,Recta,,,,,,,,,,,,,,,,,,,,,,,
57-59,57,59,Recta,,,,,,,,,,,,,,,,,,,,,,,
57-60,57,60,Recta,,,,,,,,,,,,,,,,,,,,,,,
57-61,57,61,Recta,,,,,,,,,,,,,,,,,,,,,,,
57-62,57,62,Recta,,,,,,,,,,,,,,,,,,,,,,,
57-63,57,63,Recta,,,,,,,,,,,,,,,,,,,,,,,
57-64,57,64,Recta,,,,,,,,,,,,,,,,,,,,,,,
57-65,57,65,Recta,,,,,,,,,,,,,,,,,,,,,,,
57-66,57,66,Recta,,,,,,,,,,,,,,,,,,,,,,,
57-67,57,67,Recta,,,,,,,,,,,,,,,,,,,,,,,
57-68,57,68,Recta,,,,,,,,,,,,,,,,,,,,,,,
57-69,57,69,Recta,,,,,,,,,,,,,,,,,,,,,,,
57-70,57,70,Recta,,,,,,,,,,,,,,,,,,,,,,,
57-71,57,71,Recta,,,,,,,,,,,,,,,,,,,,,,,
57-72,57,72,Recta,,,,,,,,,,,,,,,,,,,,,,,
57-73,57,73,Recta,,,,,,,,,,,,,,,,,,,,,,,
57-74,57,74,Recta,,,,,,,,,,,,,,,,,,,,,,,
57-75,57,75,Recta,,,,,,,,,,,,,,,,,,,,,,,
57-76,57,76,Recta,,,,,,,,,,,,,,,,,,,,,,,
57-77,57,77,Recta,,,,,,,,,,,,,,,,,,,,,,,
57-78,57,78,Recta,,,,,,,,,,,,,,,,,,,,,,,
57-79,57,79,Recta,,,,,,,,,,,,,,,,,,,,,,,
57-80,57,80,Recta,,,,,,,,,,,,,,,,,,,,,,,
57-81,57,81,Recta,,,,,,,,,,,,,,,,,,,,,,,
57-82,57,82,Recta,,,,,,,,,,,,,,,,,,,,,,,
57-83,57,83,Recta,,,,,,,,,,,,,,,,,,,,,,,
57-84,57,84,Recta,,,,,,,,,,,,,,,,,,,,,,,
58-1,58,1,Recta,,,,,,,,,,,,,,,,,,,,,,,
58-2,58,2,Recta,,,,,,,,,,,,,,,,,,,,,,,
58-3,58,3,Recta,,,,,,,,,,,,,,,,,,,,,,,
58-4,58,4,Recta,,,,,,,,,,,,,,,,,,,,,,,
58-5,58,5,Recta,,,,,,,,,,,,,,,,,,,,,,,
58-6,58,6,Recta,,,,,,,,,,,,,,,,,,,,,,,
58-7,58,7,Recta,,,,,,,,,,,,,,,,,,,,,,,
58-8,58,8,Recta,,,,,,,,,,,,,,,,,,,,,,,
58-9,58,9,Recta,,,,,,,,,,,,,,,,,,,,,,,
58-10,58,10,Recta,,,,,,,,,,,,,,,,,,,,,,,
58-11,58,11,Recta,,,,,,,,,,,,,,,,,,,,,,,
58-12,58,12,Recta,,,,,,,,,,,,,,,,,,,,,,,
58-13,58,13,Recta,,,,,,,,,,,,,,,,,,,,,,,
58-14,58,14,Recta,,,,,,,,,,,,,,,,,,,,,,,
58-15,58,15,Recta,,,,,,,,,,,,,,,,,,,,,,,
58-16,58,16,Recta,,,,,,,,,,,,,,,,,,,,,,,
58-17,58,17,Recta,,,,,,,,,,,,,,,,,,,,,,,
58-18,58,18,Recta,,,,,,,,,,,,,,,,,,,,,,,
58-19,58,19,Recta,,,,,,,,,,,,,,,,,,,,,,,
58-20,58,20,Recta,,,,,,,,,,,,,,,,,,,,,,,
58-21,58,21,Recta,,,,,,,,,,,,,,,,,,,,,,,
58-22,58,22,Recta,,,,,,,,,,,,,,,,,,,,,,,
58-23,58,23,Recta,,,,,,,,,,,,,,,,,,,,,,,
58-24,58,24,Recta,,,,,,,,,,,,,,,,,,,,,,,
58-25,58,25,Recta,,,,,,,,,,,,,,,,,,,,,,,
58-26,58,26,Recta,,,,,,,,,,,,,,,,,,,,,,,
58-27,58,27,Recta,,,,,,,,,,,,,,,,,,,,,,,
58-28,58,28,Recta,,,,,,,,,,,,,,,,,,,,,,,
58-29,58,29,Recta,,,,,,,,,,,,,,,,,,,,,,,
58-30,58,30,Recta,,,,,,,,,,,,,,,,,,,,,,,
58-31,58,31,Recta,,,,,,,,,,,,,,,,,,,,,,,
58-32,58,32,Recta,,,,,,,,,,,,,,,,,,,,,,,
58-33,58,33,Recta,,,,,,,,,,,,,,,,,,,,,,,
58-34,58,34,Recta,,,,,,,,,,,,,,,,,,,,,,,
58-35,58,35,Recta,,,,,,,,,,,,,,,,,,,,,,,
58-36,58,36,Recta,,,,,,,,,,,,,,,,,,,,,,,
58-37,58,37,Recta,,,,,,,,,,,,,,,,,,,,,,,
58-38,58,38,Recta,,,,,,,,,,,,,,,,,,,,,,,
58-39,58,39,Recta,,,,,,,,,,,,,,,,,,,,,,,
58-40,58,40,Recta,,,,,,,,,,,,,,,,,,,,,,,
58-41,58,41,Recta,,,,,,,,,,,,,,,,,,,,,,,
58-42,58,42,Recta,,,,,,,,,,,,,,,,,,,,,,,
58-43,58,43,Recta,,,,,,,,,,,,,,,,,,,,,,,
58-44,58,44,Recta,,,,,,,,,,,,,,,,,,,,,,,
58-45,58,45,Recta,,,,,,,,,,,,,,,,,,,,,,,
58-46,58,46,Recta,,,,,,,,,,,,,,,,,,,,,,,
58-47,58,47,Recta,,,,,,,,,,,,,,,,,,,,,,,
58-48,58,48,Recta,,,,,,,,,,,,,,,,,,,,,,,
58-49,58,49,Recta,,,,,,,,,,,,,,,,,,,,,,,
58-50,58,50,Recta,,,,,,,,,,,,,,,,,,,,,,,
58-51,58,51,Recta,,,,,,,,,,,,,,,,,,,,,,,
58-52,58,52,Recta,,,,,,,,,,,,,,,,,,,,,,,
58-53,58,53,Recta,,,,,,,,,,,,,,,,,,,,,,,
58-54,58,54,Recta,,,,,,,,,,,,,,,,,,,,,,,
58-55,58,55,Recta,,,,,,,,,,,,,,,,,,,,,,,
58-56,58,56,Recta,,,,,,,,,,,,,,,,,,,,,,,
58-57,58,57,Recta,,,,,,,,,,,,,,,,,,,,,,,
58-58,58,58,Recta,,,,,,,,,,,,,,,,,,,,,,,
58-59,58,59,Recta,,,,,,,,,,,,,,,,,,,,,,,
58-60,58,60,Recta,,,,,,,,,,,,,,,,,,,,,,,
58-61,58,61,Recta,,,,,,,,,,,,,,,,,,,,,,,
58-62,58,62,Recta,,,,,,,,,,,,,,,,,,,,,,,
58-63,58,63,Recta,,,,,,,,,,,,,,,,,,,,,,,
58-64,58,64,Recta,,,,,,,,,,,,,,,,,,,,,,,
58-65,58,65,Recta,,,,,,,,,,,,,,,,,,,,,,,
58-66,58,66,Recta,,,,,,,,,,,,,,,,,,,,,,,
58-67,58,67,Recta,,,,,,,,,,,,,,,,,,,,,,,
58-68,58,68,Recta,,,,,,,,,,,,,,,,,,,,,,,
58-69,58,69,Recta,,,,,,,,,,,,,,,,,,,,,,,
58-70,58,70,Recta,,,,,,,,,,,,,,,,,,,,,,,
58-71,58,71,Recta,,,,,,,,,,,,,,,,,,,,,,,
58-72,58,72,Recta,,,,,,,,,,,,,,,,,,,,,,,
58-73,58,73,Recta,,,,,,,,,,,,,,,,,,,,,,,
58-74,58,74,Recta,,,,,,,,,,,,,,,,,,,,,,,
58-75,58,75,Recta,,,,,,,,,,,,,,,,,,,,,,,
58-76,58,76,Recta,,,,,,,,,,,,,,,,,,,,,,,
58-77,58,77,Recta,,,,,,,,,,,,,,,,,,,,,,,
58-78,58,78,Recta,,,,,,,,,,,,,,,,,,,,,,,
58-79,58,79,Recta,,,,,,,,,,,,,,,,,,,,,,,
58-80,58,80,Recta,,,,,,,,,,,,,,,,,,,,,,,
58-81,58,81,Recta,,,,,,,,,,,,,,,,,,,,,,,
58-82,58,82,Recta,,,,,,,,,,,,,,,,,,,,,,,
58-83,58,83,Recta,,,,,,,,,,,,,,,,,,,,,,,
58-84,58,84,Recta,,,,,,,,,,,,,,,,,,,,,,,
59-1,59,1,Recta,,,,,,,,,,,,,,,,,,,,,,,
59-2,59,2,Recta,,,,,,,,,,,,,,,,,,,,,,,
59-3,59,3,Recta,,,,,,,,,,,,,,,,,,,,,,,
59-4,59,4,Recta,,,,,,,,,,,,,,,,,,,,,,,
59-5,59,5,Recta,,,,,,,,,,,,,,,,,,,,,,,
59-6,59,6,Recta,,,,,,,,,,,,,,,,,,,,,,,
59-7,59,7,Recta,,,,,,,,,,,,,,,,,,,,,,,
59-8,59,8,Recta,,,,,,,,,,,,,,,,,,,,,,,
59-9,59,9,Recta,,,,,,,,,,,,,,,,,,,,,,,
59-10,59,10,Recta,,,,,,,,,,,,,,,,,,,,,,,
59-11,59,11,Recta,,,,,,,,,,,,,,,,,,,,,,,
59-12,59,12,Recta,,,,,,,,,,,,,,,,,,,,,,,
59-13,59,13,Recta,,,,,,,,,,,,,,,,,,,,,,,
59-14,59,14,Recta,,,,,,,,,,,,,,,,,,,,,,,
59-15,59,15,Recta,,,,,,,,,,,,,,,,,,,,,,,
59-16,59,16,Recta,,,,,,,,,,,,,,,,,,,,,,,
59-17,59,17,Recta,,,,,,,,,,,,,,,,,,,,,,,
59-18,59,18,Recta,,,,,,,,,,,,,,,,,,,,,,,
59-19,59,19,Recta,,,,,,,,,,,,,,,,,,,,,,,
59-20,59,20,Recta,,,,,,,,,,,,,,,,,,,,,,,
59-21,59,21,Recta,,,,,,,,,,,,,,,,,,,,,,,
59-22,59,22,Recta,,,,,,,,,,,,,,,,,,,,,,,
59-23,59,23,Recta,,,,,,,,,,,,,,,,,,,,,,,
59-24,59,24,Recta,,,,,,,,,,,,,,,,,,,,,,,
59-25,59,25,Recta,,,,,,,,,,,,,,,,,,,,,,,
59-26,59,26,Recta,,,,,,,,,,,,,,,,,,,,,,,
59-27,59,27,Recta,,,,,,,,,,,,,,,,,,,,,,,
59-28,59,28,Recta,,,,,,,,,,,,,,,,,,,,,,,
59-29,59,29,Recta,,,,,,,,,,,,,,,,,,,,,,,
59-30,59,30,Recta,,,,,,,,,,,,,,,,,,,,,,,
59-31,59,31,Recta,,,,,,,,,,,,,,,,,,,,,,,
59-32,59,32,Recta,,,,,,,,,,,,,,,,,,,,,,,
59-33,59,33,Recta,,,,,,,,,,,,,,,,,,,,,,,
59-34,59,34,Recta,,,,,,,,,,,,,,,,,,,,,,,
59-35,59,35,Recta,,,,,,,,,,,,,,,,,,,,,,,
59-36,59,36,Recta,,,,,,,,,,,,,,,,,,,,,,,
59-37,59,37,Recta,,,,,,,,,,,,,,,,,,,,,,,
59-38,59,38,Recta,,,,,,,,,,,,,,,,,,,,,,,
59-39,59,39,Recta,,,,,,,,,,,,,,,,,,,,,,,
59-40,59,40,Recta,,,,,,,,,,,,,,,,,,,,,,,
59-41,59,41,Recta,,,,,,,,,,,,,,,,,,,,,,,
59-42,59,42,Recta,,,,,,,,,,,,,,,,,,,,,,,
59-43,59,43,Recta,,,,,,,,,,,,,,,,,,,,,,,
59-44,59,44,Recta,,,,,,,,,,,,,,,,,,,,,,,
59-45,59,45,Recta,,,,,,,,,,,,,,,,,,,,,,,
59-46,59,46,Recta,,,,,,,,,,,,,,,,,,,,,,,
59-47,59,47,Recta,,,,,,,,,,,,,,,,,,,,,,,
59-48,59,48,Recta,,,,,,,,,,,,,,,,,,,,,,,
59-49,59,49,Recta,,,,,,,,,,,,,,,,,,,,,,,
59-50,59,50,Recta,,,,,,,,,,,,,,,,,,,,,,,
59-51,59,51,Recta,,,,,,,,,,,,,,,,,,,,,,,
59-52,59,52,Recta,,,,,,,,,,,,,,,,,,,,,,,
59-53,59,53,Recta,,,,,,,,,,,,,,,,,,,,,,,
59-54,59,54,Recta,,,,,,,,,,,,,,,,,,,,,,,
59-55,59,55,Recta,,,,,,,,,,,,,,,,,,,,,,,
59-56,59,56,Recta,,,,,,,,,,,,,,,,,,,,,,,
59-57,59,57,Recta,,,,,,,,,,,,,,,,,,,,,,,
59-58,59,58,Recta,,,,,,,,,,,,,,,,,,,,,,,
59-59,59,59,Recta,,,,,,,,,,,,,,,,,,,,,,,
59-60,59,60,Recta,,,,,,,,,,,,,,,,,,,,,,,
59-61,59,61,Recta,,,,,,,,,,,,,,,,,,,,,,,
59-62,59,62,Recta,,,,,,,,,,,,,,,,,,,,,,,
59-63,59,63,Recta,,,,,,,,,,,,,,,,,,,,,,,
59-64,59,64,Recta,,,,,,,,,,,,,,,,,,,,,,,
59-65,59,65,Recta,,,,,,,,,,,,,,,,,,,,,,,
59-66,59,66,Recta,,,,,,,,,,,,,,,,,,,,,,,
59-67,59,67,Recta,,,,,,,,,,,,,,,,,,,,,,,
59-68,59,68,Recta,,,,,,,,,,,,,,,,,,,,,,,
59-69,59,69,Recta,,,,,,,,,,,,,,,,,,,,,,,
59-70,59,70,Recta,,,,,,,,,,,,,,,,,,,,,,,
59-71,59,71,Recta,,,,,,,,,,,,,,,,,,,,,,,
59-72,59,72,Recta,,,,,,,,,,,,,,,,,,,,,,,
59-73,59,73,Recta,,,,,,,,,,,,,,,,,,,,,,,
59-74,59,74,Recta,,,,,,,,,,,,,,,,,,,,,,,
59-75,59,75,Recta,,,,,,,,,,,,,,,,,,,,,,,
59-76,59,76,Recta,,,,,,,,,,,,,,,,,,,,,,,
59-77,59,77,Recta,,,,,,,,,,,,,,,,,,,,,,,
59-78,59,78,Recta,,,,,,,,,,,,,,,,,,,,,,,
59-79,59,79,Recta,,,,,,,,,,,,,,,,,,,,,,,
59-80,59,80,Recta,,,,,,,,,,,,,,,,,,,,,,,
59-81,59,81,Recta,,,,,,,,,,,,,,,,,,,,,,,
59-82,59,82,Recta,,,,,,,,,,,,,,,,,,,,,,,
59-83,59,83,Recta,,,,,,,,,,,,,,,,,,,,,,,
59-84,59,84,Recta,,,,,,,,,,,,,,,,,,,,,,,
59-85,59,85,Recta,,,,,,,,,,,,,,,,,,,,,,,
59-86,59,86,Recta,,,,,,,,,,,,,,,,,,,,,,,
59-87,59,87,Recta,,,,,,,,,,,,,,,,,,,,,,,
60-1,60,1,Recta,,,,,,,,,,,,,,,,,,,,,,,
60-2,60,2,Recta,,,,,,,,,,,,,,,,,,,,,,,
60-3,60,3,Recta,,,,,,,,,,,,,,,,,,,,,,,
60-4,60,4,Recta,,,,,,,,,,,,,,,,,,,,,,,
60-5,60,5,Recta,,,,,,,,,,,,,,,,,,,,,,,
60-6,60,6,Recta,,,,,,,,,,,,,,,,,,,,,,,
60-7,60,7,Recta,,,,,,,,,,,,,,,,,,,,,,,
60-8,60,8,Principio Curva > 1000,,,,,,,,,,,,,,,,,,,,,,,
60-9,60,9,Curva > 1000,,,,,,,,,,,,,,,,,,,,,,,
60-10,60,10,Principio Curva Circular > 1000,,,,,,,,,,,,,,,,,,,,,,,
60-11,60,11,Curva > 1000,,,,,,,,,,,,,,,,,,,,,,,
60-12,60,12,Curva > 1000,,,,,,,,,,,,,,,,,,,,,,,
60-13,60,13,Curva > 1000,,,,,,,,,,,,,,,,,,,,,,,
60-14,60,14,Curva > 1000,,,,,,,,,,,,,,,,,,,,,,,
60-15,60,15,Curva > 1000,,,,,,,,,,,,,,,,,,,,,,,
60-16,60,16,Curva > 1000,,,,,,,,,,,,,,,,,,,,,,,
60-17,60,17,Curva > 1000,,,,,,,,,,,,,,,,,,,,,,,
60-18,60,18,Curva > 1000,,,,,,,,,,,,,,,,,,,,,,,
60-19,60,19,Curva > 1000,,,,,,,,,,,,,,,,,,,,,,,
60-20,60,20,Curva > 1000,,,,,,,,,,,,,,,,,,,,,,,
60-21,60,21,Curva > 1000,,,,,,,,,,,,,,,,,,,,,,,
60-22,60,22,Curva > 1000,,,,,,,,,,,,,,,,,,,,,,,
60-23,60,23,Curva > 1000,,,,,,,,,,,,,,,,,,,,,,,
60-24,60,24,Curva > 1000,,,,,,,,,,,,,,,,,,,,,,,
60-25,60,25,Curva > 1000,,,,,,,,,,,,,,,,,,,,,,,
60-26,60,26,Curva > 1000,,,,,,,,,,,,,,,,,,,,,,,
60-27,60,27,Curva > 1000,,,,,,,,,,,,,,,,,,,,,,,
60-28,60,28,Curva > 1000,,,,,,,,,,,,,,,,,,,,,,,
60-29,60,29,Curva > 1000,,,,,,,,,,,,,,,,,,,,,,,
60-30,60,30,Curva > 1000,,,,,,,,,,,,,,,,,,,,,,,
60-31,60,31,Fin Curva Circular > 1000,,,,,,,,,,,,,,,,,,,,,,,
60-32,60,32,Curva > 1000,,,,,,,,,,,,,,,,,,,,,,,
60-33,60,33,Fin Curva > 1000,,,,,,,,,,,,,,,,,,,,,,,
60-34,60,34,Recta,,,,,,,,,,,,,,,,,,,,,,,
60-35,60,35,Recta,,,,,,,,,,,,,,,,,,,,,,,
60-36,60,36,Recta,,,,,,,,,,,,,,,,,,,,,,,
60-37,60,37,Recta,,,,,,,,,,,,,,,,,,,,,,,
60-38,60,38,Recta,,,,,,,,,,,,,,,,,,,,,,,
60-39,60,39,Recta,,,,,,,,,,,,,,,,,,,,,,,
60-40,60,40,Recta,,,,,,,,,,,,,,,,,,,,,,,
60-41,60,41,Recta,,,,,,,,,,,,,,,,,,,,,,,
60-42,60,42,Recta,,,,,,,,,,,,,,,,,,,,,,,
60-43,60,43,Recta,,,,,,,,,,,,,,,,,,,,,,,
60-44,60,44,Recta,,,,,,,,,,,,,,,,,,,,,,,
60-45,60,45,Recta,,,,,,,,,,,,,,,,,,,,,,,
60-46,60,46,Recta,,,,,,,,,,,,,,,,,,,,,,,
60-47,60,47,Recta,,,,,,,,,,,,,,,,,,,,,,,
60-48,60,48,Recta,,,,,,,,,,,,,,,,,,,,,,,
60-49,60,49,Recta,,,,,,,,,,,,,,,,,,,,,,,
60-50,60,50,Recta,,,,,,,,,,,,,,,,,,,,,,,
60-51,60,51,Recta,,,,,,,,,,,,,,,,,,,,,,,
60-52,60,52,Recta,,,,,,,,,,,,,,,,,,,,,,,
60-53,60,53,Recta,,,,,,,,,,,,,,,,,,,,,,,
60-54,60,54,Recta,,,,,,,,,,,,,,,,,,,,,,,
60-55,60,55,Recta,,,,,,,,,,,,,,,,,,,,,,,
60-56,60,56,Recta,,,,,,,,,,,,,,,,,,,,,,,
60-57,60,57,Recta,,,,,,,,,,,,,,,,,,,,,,,
60-58,60,58,Recta,,,,,,,,,,,,,,,,,,,,,,,
60-59,60,59,Recta,,,,,,,,,,,,,,,,,,,,,,,
60-60,60,60,Recta,,,,,,,,,,,,,,,,,,,,,,,
60-61,60,61,Recta,,,,,,,,,,,,,,,,,,,,,,,
60-62,60,62,Recta,,,,,,,,,,,,,,,,,,,,,,,
60-63,60,63,Recta,,,,,,,,,,,,,,,,,,,,,,,
60-64,60,64,Recta,,,,,,,,,,,,,,,,,,,,,,,
60-65,60,65,Recta,,,,,,,,,,,,,,,,,,,,,,,
60-66,60,66,Recta,,,,,,,,,,,,,,,,,,,,,,,
60-67,60,67,Recta,,,,,,,,,,,,,,,,,,,,,,,
60-68,60,68,Recta,,,,,,,,,,,,,,,,,,,,,,,
60-69,60,69,Recta,,,,,,,,,,,,,,,,,,,,,,,
60-70,60,70,Recta,,,,,,,,,,,,,,,,,,,,,,,
60-71,60,71,Recta,,,,,,,,,,,,,,,,,,,,,,,
60-72,60,72,Recta,,,,,,,,,,,,,,,,,,,,,,,
60-73,60,73,Recta,,,,,,,,,,,,,,,,,,,,,,,
60-74,60,74,Recta,,,,,,,,,,,,,,,,,,,,,,,
60-75,60,75,Recta,,,,,,,,,,,,,,,,,,,,,,,
60-76,60,76,Recta,,,,,,,,,,,,,,,,,,,,,,,
60-77,60,77,Recta,,,,,,,,,,,,,,,,,,,,,,,
60-78,60,78,Recta,,,,,,,,,,,,,,,,,,,,,,,
60-79,60,79,Recta,,,,,,,,,,,,,,,,,,,,,,,
60-80,60,80,Recta,,,,,,,,,,,,,,,,,,,,,,,
60-81,60,81,Recta,,,,,,,,,,,,,,,,,,,,,,,
60-82,60,82,Recta,,,,,,,,,,,,,,,,,,,,,,,
60-83,60,83,Recta,,,,,,,,,,,,,,,,,,,,,,,
60-84,60,84,Recta,,,,,,,,,,,,,,,,,,,,,,,
61-1,61,1,Recta,,,,,,,,,,,,,,,,,,,,,,,
61-2,61,2,Recta,,,,,,,,,,,,,,,,,,,,,,,
61-3,61,3,Recta,,,,,,,,,,,,,,,,,,,,,,,
61-4,61,4,Recta,,,,,,,,,,,,,,,,,,,,,,,
61-5,61,5,Recta,,,,,,,,,,,,,,,,,,,,,,,
61-6,61,6,Recta,,,,,,,,,,,,,,,,,,,,,,,
61-7,61,7,Recta,,,,,,,,,,,,,,,,,,,,,,,
61-8,61,8,Recta,,,,,,,,,,,,,,,,,,,,,,,
61-9,61,9,Recta,,,,,,,,,,,,,,,,,,,,,,,
61-10,61,10,Recta,,,,,,,,,,,,,,,,,,,,,,,
61-11,61,11,Recta,,,,,,,,,,,,,,,,,,,,,,,
61-12,61,12,Recta,,,,,,,,,,,,,,,,,,,,,,,
61-13,61,13,Recta,,,,,,,,,,,,,,,,,,,,,,,
61-14,61,14,Recta,,,,,,,,,,,,,,,,,,,,,,,
61-15,61,15,Recta,,,,,,,,,,,,,,,,,,,,,,,
61-16,61,16,Recta,,,,,,,,,,,,,,,,,,,,,,,
61-17,61,17,Recta,,,,,,,,,,,,,,,,,,,,,,,
61-18,61,18,Recta,,,,,,,,,,,,,,,,,,,,,,,
61-19,61,19,Recta,,,,,,,,,,,,,,,,,,,,,,,
61-20,61,20,Recta,,,,,,,,,,,,,,,,,,,,,,,
61-21,61,21,Recta,,,,,,,,,,,,,,,,,,,,,,,
61-22,61,22,Recta,,,,,,,,,,,,,,,,,,,,,,,
61-23,61,23,Recta,,,,,,,,,,,,,,,,,,,,,,,
61-24,61,24,Recta,,,,,,,,,,,,,,,,,,,,,,,
61-25,61,25,Recta,,,,,,,,,,,,,,,,,,,,,,,
61-26,61,26,Recta,,,,,,,,,,,,,,,,,,,,,,,
61-27,61,27,Recta,,,,,,,,,,,,,,,,,,,,,,,
61-28,61,28,Recta,,,,,,,,,,,,,,,,,,,,,,,
61-29,61,29,Recta,,,,,,,,,,,,,,,,,,,,,,,
61-30,61,30,Recta,,,,,,,,,,,,,,,,,,,,,,,
61-31,61,31,Recta,,,,,,,,,,,,,,,,,,,,,,,
61-32,61,32,Recta,,,,,,,,,,,,,,,,,,,,,,,
61-33,61,33,Recta,,,,,,,,,,,,,,,,,,,,,,,
61-34,61,34,Recta,,,,,,,,,,,,,,,,,,,,,,,
61-35,61,35,Recta,,,,,,,,,,,,,,,,,,,,,,,
61-36,61,36,Recta,,,,,,,,,,,,,,,,,,,,,,,
61-37,61,37,Recta,,,,,,,,,,,,,,,,,,,,,,,
61-38,61,38,Recta,,,,,,,,,,,,,,,,,,,,,,,
61-39,61,39,Recta,,,,,,,,,,,,,,,,,,,,,,,
61-40,61,40,Recta,,,,,,,,,,,,,,,,,,,,,,,
61-41,61,41,Recta,,,,,,,,,,,,,,,,,,,,,,,
61-42,61,42,Recta,,,,,,,,,,,,,,,,,,,,,,,
61-43,61,43,Recta,,,,,,,,,,,,,,,,,,,,,,,
61-44,61,44,Recta,,,,,,,,,,,,,,,,,,,,,,,
61-45,61,45,Recta,,,,,,,,,,,,,,,,,,,,,,,
61-46,61,46,Recta,,,,,,,,,,,,,,,,,,,,,,,
61-47,61,47,Recta,,,,,,,,,,,,,,,,,,,,,,,
61-48,61,48,Recta,,,,,,,,,,,,,,,,,,,,,,,
61-49,61,49,Recta,,,,,,,,,,,,,,,,,,,,,,,
61-50,61,50,Recta,,,,,,,,,,,,,,,,,,,,,,,
61-51,61,51,Recta,,,,,,,,,,,,,,,,,,,,,,,
61-52,61,52,Recta,,,,,,,,,,,,,,,,,,,,,,,
61-53,61,53,Recta,,,,,,,,,,,,,,,,,,,,,,,
61-54,61,54,Recta,,,,,,,,,,,,,,,,,,,,,,,
61-55,61,55,Recta,,,,,,,,,,,,,,,,,,,,,,,
61-56,61,56,Recta,,,,,,,,,,,,,,,,,,,,,,,
61-57,61,57,Recta,,,,,,,,,,,,,,,,,,,,,,,
61-58,61,58,Recta,,,,,,,,,,,,,,,,,,,,,,,
61-59,61,59,Recta,,,,,,,,,,,,,,,,,,,,,,,
61-60,61,60,Recta,,,,,,,,,,,,,,,,,,,,,,,
61-61,61,61,Recta,,,,,,,,,,,,,,,,,,,,,,,
61-62,61,62,Recta,,,,,,,,,,,,,,,,,,,,,,,
61-63,61,63,Recta,,,,,,,,,,,,,,,,,,,,,,,
61-64,61,64,Recta,,,,,,,,,,,,,,,,,,,,,,,
61-65,61,65,Recta,,,,,,,,,,,,,,,,,,,,,,,
61-66,61,66,Recta,,,,,,,,,,,,,,,,,,,,,,,
61-67,61,67,Recta,,,,,,,,,,,,,,,,,,,,,,,
61-68,61,68,Recta,,,,,,,,,,,,,,,,,,,,,,,
61-69,61,69,Principio Curva < 1000,,,,,,,,,,,,,,,,,,,,,,,
61-70,61,70,Curva < 1000,,,,,,,,,,,,,,,,,,,,,,,
61-71,61,71,Curva < 1000,,,,,,,,,,,,,,,,,,,,,,,
61-72,61,72,Curva < 1000,,,,,,,,,,,,,,,,,,,,,,,
61-73,61,73,Curva < 1000,,,,,,,,,,,,,,,,,,,,,,,
61-74,61,74,Curva < 1000,,,,,,,,,,,,,,,,,,,,,,,
61-75,61,75,Curva < 1000,,,,,,,,,,,,,,,,,,,,,,,
61-76,61,76,Principio Curva Circular < 1000,,,,,,,,,,,,,,,,,,,,,,,
61-77,61,77,Curva < 1000,,,,,,,,,,,,,,,,,,,,,,,
61-78,61,78,Curva < 1000,,,,,,,,,,,,,,,,,,,,,,,
61-79,61,79,Curva < 1000,,,,,,,,,,,,,,,,,,,,,,,
61-80,61,80,Curva < 1000,,,,,,,,,,,,,,,,,,,,,,,
61-81,61,81,Curva < 1000,,,,,,,,,,,,,,,,,,,,,,,
